t,drone_x,drone_y,drone_z,drone_vel_x,drone_vel_y,drone_vel_z,drone_roll,drone_pitch,drone_yaw,flower_x,flower_y,flower_z,flower_roll,flower_pitch,flower_yaw,dx,dy,dz,distance
0.002000,0.000000,-0.000000,0.099990,0.000000,-0.000000,-0.009800,-0.000000,0.000000,1.570000,-0.300000,1.000000,1.100000,0.000000,0.000000,-1.571000,-0.300000,1.000000,1.000010,1.445690
0.004000,0.000000,-0.000000,0.099941,0.000000,-0.000000,-0.029352,-0.000000,0.000000,1.570000,-0.300000,1.000000,1.100000,0.000000,0.000000,-1.571000,-0.300000,1.000000,1.000059,1.445724
0.006000,0.000000,-0.000000,0.099853,0.000000,-0.000000,-0.048869,0.000000,0.000000,1.570000,-0.300000,1.000000,1.100000,0.000000,0.000000,-1.571000,-0.300000,1.000000,1.000147,1.445785
0.008000,0.000000,-0.000000,0.099726,0.000000,0.000000,-0.068350,0.000000,0.000000,1.570000,-0.300000,1.000000,1.100000,0.000000,0.000000,-1.571000,-0.300000,1.000000,1.000274,1.445873
0.010000,0.000000,0.000000,0.099560,0.000000,0.000000,-0.087795,0.000000,0.000000,1.570000,-0.300000,1.000000,1.100000,0.000000,0.000000,-1.571000,-0.300000,1.000000,1.000440,1.445988
0.012000,0.000000,0.000000,0.099355,0.000000,0.000000,-0.107203,-0.000000,0.000000,1.570000,-0.300000,1.000000,1.100000,0.000000,0.000000,-1.571000,-0.300000,1.000000,1.000645,1.446129
0.014000,0.000000,0.000000,0.099111,-0.000000,0.000000,-0.126576,-0.000000,0.000000,1.570000,-0.300000,1.000000,1.100000,0.000000,0.000000,-1.571000,-0.300000,1.000000,1.000889,1.446298
0.016000,0.000000,0.000000,0.098829,0.000000,0.000000,-0.145912,-0.000000,0.000000,1.570000,-0.300000,1.000000,1.100000,0.000000,0.000000,-1.571000,-0.300000,1.000000,1.001171,1.446494
0.018000,0.000000,0.000000,0.098508,0.000000,0.000000,-0.165213,-0.000000,0.000001,1.570000,-0.300000,1.000000,1.100000,0.000000,0.000000,-1.571000,-0.300000,1.000000,1.001492,1.446716
0.020000,0.000000,0.000000,0.098148,0.000000,0.000000,-0.184478,-0.000000,0.000001,1.570000,-0.300000,1.000000,1.100000,0.000000,0.000000,-1.571000,-0.300000,1.000000,1.001852,1.446965
0.022000,0.000000,0.000000,0.097750,0.000000,0.000000,-0.203708,-0.000000,0.000001,1.570000,-0.300000,1.000000,1.100000,0.000000,0.000000,-1.571000,-0.300000,1.000000,1.002250,1.447241
0.024000,0.000000,0.000000,0.097313,0.000000,0.000000,-0.222901,-0.000000,0.000001,1.570000,-0.300000,1.000000,1.100000,0.000000,0.000000,-1.571000,-0.300000,1.000000,1.002687,1.447543
0.026000,0.000000,0.000000,0.096838,0.000000,0.000000,-0.242059,-0.000000,0.000002,1.570000,-0.300000,1.000000,1.100000,0.000000,0.000000,-1.571000,-0.300000,1.000000,1.003162,1.447872
0.028000,0.000000,0.000000,0.096325,0.000000,0.000000,-0.261182,-0.000000,0.000002,1.570000,-0.300000,1.000000,1.100000,0.000000,0.000000,-1.571000,-0.300000,1.000000,1.003675,1.448228
0.030000,0.000000,0.000000,0.095773,0.000000,0.000000,-0.280269,-0.000000,0.000003,1.570000,-0.300000,1.000000,1.100000,0.000000,0.000000,-1.571000,-0.300000,1.000000,1.004227,1.448610
0.032000,0.000000,0.000000,0.095184,0.000000,0.000000,-0.299321,-0.000000,0.000003,1.570000,-0.300000,1.000000,1.100000,0.000000,0.000000,-1.571000,-0.300000,1.000000,1.004816,1.449019
0.034000,0.000000,0.000000,0.094556,0.000000,0.000000,-0.318337,-0.000000,0.000004,1.570000,-0.300000,1.000000,1.100000,0.000000,0.000000,-1.571000,-0.300000,1.000000,1.005444,1.449454
0.036000,0.000000,0.000000,0.093890,0.000000,0.000000,-0.337319,-0.000000,0.000005,1.570000,-0.300000,1.000000,1.100000,0.000000,0.000000,-1.571000,-0.300000,1.000000,1.006110,1.449916
0.038000,0.000000,0.000000,0.093186,0.000000,0.000000,-0.356265,-0.000000,0.000005,1.570000,-0.300000,1.000000,1.100000,0.000000,0.000000,-1.571000,-0.300000,1.000000,1.006814,1.450405
0.040000,0.000000,0.000000,0.092445,0.000000,0.000000,-0.375175,-0.000000,0.000006,1.570000,-0.300000,1.000000,1.100000,0.000000,0.000000,-1.571000,-0.300000,1.000000,1.007555,1.450920
0.042000,0.000000,0.000000,0.091665,0.000000,0.000000,-0.394051,-0.000000,0.000007,1.570000,-0.300000,1.000000,1.100000,0.000000,0.000000,-1.571000,-0.300000,1.000000,1.008335,1.451461
0.044000,0.000000,0.000000,0.090848,0.000000,0.000000,-0.412892,-0.000000,0.000008,1.570000,-0.300000,1.000000,1.100000,0.000000,0.000000,-1.571000,-0.300000,1.000000,1.009152,1.452029
0.046000,0.000000,0.000000,0.089993,0.000000,0.000000,-0.431698,-0.000000,0.000010,1.570000,-0.300000,1.000000,1.100000,0.000000,0.000000,-1.571000,-0.300000,1.000000,1.010007,1.452623
0.048000,0.000000,0.000000,0.089101,0.000000,0.000000,-0.450469,-0.000000,0.000011,1.570000,-0.300000,1.000000,1.100000,0.000000,0.000000,-1.571000,-0.300000,1.000000,1.010899,1.453244
0.050000,0.000000,0.000000,0.088171,0.000000,0.000000,-0.469205,-0.000000,0.000013,1.570000,-0.300000,1.000000,1.100000,0.000000,0.000000,-1.571000,-0.300000,1.000000,1.011829,1.453891
0.052000,0.000000,0.000000,0.087203,0.000000,0.000000,-0.487907,-0.000000,0.000014,1.570000,-0.300000,1.000000,1.100000,0.000000,0.000000,-1.571000,-0.300000,1.000000,1.012797,1.454564
0.054000,0.000000,0.000000,0.086199,0.000000,0.000000,-0.506573,-0.000000,0.000016,1.570000,-0.300000,1.000000,1.100000,0.000000,0.000000,-1.571000,-0.300000,1.000000,1.013801,1.455264
0.056000,0.000000,0.000000,0.085156,0.000000,0.000000,-0.525206,-0.000000,0.000018,1.570000,-0.300000,1.000000,1.100000,0.000000,0.000000,-1.571000,-0.300000,1.000000,1.014844,1.455990
0.058000,0.000000,0.000000,0.084077,0.000000,0.000000,-0.543803,-0.000000,0.000020,1.570000,-0.300000,1.000000,1.100000,0.000000,0.000000,-1.571000,-0.300000,1.000000,1.015923,1.456743
0.060000,0.000000,0.000000,0.082960,0.000000,0.000000,-0.562366,-0.000000,0.000022,1.570000,-0.300000,1.000000,1.100000,0.000000,0.000000,-1.571000,-0.300000,1.000000,1.017040,1.457522
0.062000,0.000000,0.000000,0.081807,0.000000,0.000000,-0.580895,-0.000000,0.000024,1.570000,-0.300000,1.000000,1.100000,0.000000,0.000000,-1.571000,-0.300000,1.000000,1.018193,1.458327
0.064000,0.000000,0.000000,0.080616,0.000000,0.000000,-0.599390,-0.000000,0.000027,1.570000,-0.300000,1.000000,1.100000,0.000000,0.000000,-1.571000,-0.300000,1.000000,1.019384,1.459159
0.066000,0.000000,0.000000,0.079388,0.000000,0.000000,-0.617850,-0.000000,0.000029,1.570000,-0.300000,1.000000,1.100000,0.000000,0.000000,-1.571000,-0.300000,1.000000,1.020612,1.460017
0.068000,0.000000,0.000000,0.078124,0.000000,0.000000,-0.636276,-0.000000,0.000032,1.570000,-0.300000,1.000000,1.100000,0.000000,0.000000,-1.571000,-0.300000,1.000000,1.021876,1.460901
0.070000,0.000000,0.000000,0.076822,0.000000,0.000000,-0.654668,-0.000000,0.000035,1.570000,-0.300000,1.000000,1.100000,0.000000,0.000000,-1.571000,-0.300000,1.000000,1.023178,1.461811
0.072000,0.000000,0.000000,0.075484,0.000000,0.000000,-0.673025,-0.000000,0.000038,1.570000,-0.300000,1.000000,1.100000,0.000000,0.000000,-1.571000,-0.300000,1.000000,1.024516,1.462748
0.074000,0.000000,0.000000,0.074109,0.000000,0.000000,-0.691349,-0.000000,0.000041,1.570000,-0.300000,1.000000,1.100000,0.000000,0.000000,-1.571000,-0.300000,1.000000,1.025891,1.463712
0.076000,0.000000,0.000000,0.072698,0.000000,0.000000,-0.709638,-0.000000,0.000045,1.570000,-0.300000,1.000000,1.100000,0.000000,0.000000,-1.571000,-0.300000,1.000000,1.027302,1.464701
0.078000,0.000000,0.000000,0.071249,0.000000,0.000000,-0.727894,-0.000000,0.000048,1.570000,-0.300000,1.000000,1.100000,0.000000,0.000000,-1.571000,-0.300000,1.000000,1.028751,1.465717
0.080000,0.000000,0.000000,0.069765,0.000000,0.000000,-0.746116,-0.000000,0.000052,1.570000,-0.300000,1.000000,1.100000,0.000000,0.000000,-1.571000,-0.300000,1.000000,1.030235,1.466760
0.082000,0.000000,0.000000,0.068244,0.000000,0.000000,-0.764304,-0.000000,0.000056,1.570000,-0.300000,1.000000,1.100000,0.000000,0.000000,-1.571000,-0.300000,1.000000,1.031756,1.467829
0.084000,0.000000,0.000000,0.066686,0.000000,0.000000,-0.782459,-0.000000,0.000061,1.570000,-0.300000,1.000000,1.100000,0.000000,0.000000,-1.571000,-0.300000,1.000000,1.033314,1.468924
0.086000,0.000000,0.000000,0.065093,0.000000,0.000000,-0.800579,-0.000000,0.000065,1.570000,-0.300000,1.000000,1.100000,0.000000,0.000000,-1.571000,-0.300000,1.000000,1.034907,1.470045
0.088000,0.000000,0.000000,0.063463,0.000000,0.000000,-0.818667,-0.000000,0.000070,1.570000,-0.300000,1.000000,1.100000,0.000000,0.000000,-1.571000,-0.300000,1.000000,1.036537,1.471193
0.090000,0.000000,0.000000,0.061797,0.000000,0.000000,-0.836720,-0.000000,0.000075,1.570000,-0.300000,1.000000,1.100000,0.000000,0.000000,-1.571000,-0.300000,1.000000,1.038203,1.472368
0.092000,0.000000,0.000000,0.060095,0.000000,0.000000,-0.854740,-0.000000,0.000080,1.570000,-0.300000,1.000000,1.100000,0.000000,0.000000,-1.571000,-0.300000,1.000000,1.039905,1.473568
0.094000,0.000000,0.000000,0.058356,0.000000,0.000000,-0.872727,-0.000000,0.000085,1.570000,-0.300000,1.000000,1.100000,0.000000,0.000000,-1.571000,-0.300000,1.000000,1.041644,1.474795
0.096000,0.000000,0.000000,0.056582,0.000000,0.000000,-0.890681,-0.000000,0.000091,1.570000,-0.300000,1.000000,1.100000,0.000000,0.000000,-1.571000,-0.300000,1.000000,1.043418,1.476049
0.098000,0.000000,0.000000,0.054772,0.000000,0.000000,-0.908601,-0.000000,0.000096,1.570000,-0.300000,1.000000,1.100000,0.000000,0.000000,-1.571000,-0.300000,1.000000,1.045228,1.477329
0.100000,0.000000,0.000000,0.052926,0.000000,0.000000,-0.926488,-0.000000,0.000103,1.570000,-0.300000,1.000000,1.100000,0.000000,0.000000,-1.571000,-0.300000,1.000000,1.047074,1.478636
0.102000,0.000000,0.000000,0.051045,0.000000,0.000000,-0.944341,-0.000000,0.000109,1.570000,-0.300000,1.000000,1.100000,0.000000,0.000000,-1.571000,-0.300000,1.000000,1.048955,1.479969
0.104000,0.000000,0.000000,0.049127,0.000000,0.000000,-0.962162,-0.000000,0.000115,1.570000,-0.300000,1.000000,1.100000,0.000000,0.000000,-1.571000,-0.300000,1.000000,1.050873,1.481328
0.106000,0.000000,0.000000,0.047174,0.000000,0.000000,-0.979950,-0.000000,0.000122,1.570000,-0.300000,1.000000,1.100000,0.000000,0.000000,-1.571000,-0.300000,1.000000,1.052826,1.482714
0.108000,0.000000,0.000000,0.045186,0.000000,0.000000,-0.997704,-0.000000,0.000129,1.570000,-0.300000,1.000000,1.100000,0.000000,0.000000,-1.571000,-0.300000,1.000000,1.054814,1.484127
0.110000,0.000000,0.000000,0.043162,0.000000,0.000000,-1.015426,0.000000,0.000137,1.570000,-0.300000,1.000000,1.100000,0.000000,0.000000,-1.571000,-0.300000,1.000000,1.056838,1.485566
0.112000,0.000000,0.000000,0.041102,0.000000,0.000000,-1.033115,0.000000,0.000144,1.570000,-0.300000,1.000000,1.100000,0.000000,0.000000,-1.571000,-0.300000,1.000000,1.058898,1.487032
0.114000,0.000000,0.000000,0.039007,0.000000,0.000000,-1.050771,0.000000,0.000152,1.570000,-0.300000,1.000000,1.100000,0.000000,0.000000,-1.571000,-0.300000,1.000000,1.060993,1.488524
0.116000,0.000000,0.000000,0.036877,0.000000,0.000000,-1.068394,0.000000,0.000160,1.570000,-0.300000,1.000000,1.100000,0.000000,0.000000,-1.571000,-0.300000,1.000000,1.063123,1.490044
0.118000,0.000000,0.000000,0.034712,0.000000,0.000000,-1.085985,0.000000,0.000169,1.570000,-0.300000,1.000000,1.100000,0.000000,0.000000,-1.571000,-0.300000,1.000000,1.065288,1.491589
0.120000,0.000000,-0.000004,0.035000,0.000016,-0.000077,0.000068,-0.000000,-0.000001,1.570000,-0.300000,1.000000,1.100000,0.000000,0.000000,-1.571000,-0.300000,1.000004,1.065000,1.491387
0.122000,0.000000,-0.000005,0.035000,-0.000001,-0.000057,0.009576,0.000000,-0.000000,1.570000,-0.300000,1.000000,1.100000,0.000000,0.000000,-1.571000,-0.300000,1.000005,1.065000,1.491387
0.124000,0.000000,-0.000005,0.035000,0.000000,-0.000021,0.000159,0.000000,-0.000000,1.570000,-0.300000,1.000000,1.100000,0.000000,0.000000,-1.571000,-0.300000,1.000005,1.065000,1.491387
0.126000,0.000000,-0.000007,0.034977,-0.000002,-0.002608,-0.015026,-0.000000,-0.000115,1.570000,-0.300000,1.000000,1.100000,0.000000,0.000000,-1.571000,-0.300000,1.000007,1.065023,1.491405
0.128000,0.000000,-0.000010,0.034945,-0.000003,-0.003405,-0.022563,-0.000000,-0.000275,1.570000,-0.300000,1.000000,1.100000,0.000000,0.000000,-1.571000,-0.300000,1.000010,1.065055,1.491430
0.130000,0.000000,-0.000014,0.034914,-0.000004,-0.003939,-0.027527,-0.000000,-0.000430,1.570000,-0.300000,1.000000,1.100000,0.000000,0.000000,-1.571000,-0.300000,1.000014,1.065086,1.491454
0.132000,0.000000,-0.000017,0.034887,-0.000005,-0.004300,-0.030799,-0.000000,-0.000565,1.570000,-0.300000,1.000000,1.100000,0.000000,0.000000,-1.571000,-0.300000,1.000017,1.065113,1.491476
0.134000,0.000000,-0.000019,0.034865,-0.000005,-0.004548,-0.032956,-0.000000,-0.000675,1.570000,-0.300000,1.000000,1.100000,0.000000,0.000000,-1.571000,-0.300000,1.000019,1.065135,1.491493
0.136000,0.000000,-0.000021,0.034848,-0.000006,-0.004721,-0.034379,-0.000000,-0.000762,1.570000,-0.300000,1.000000,1.100000,0.000000,0.000000,-1.571000,-0.300000,1.000021,1.065152,1.491507
0.138000,0.000000,-0.000023,0.034834,-0.000006,-0.004844,-0.035319,-0.000000,-0.000829,1.570000,-0.300000,1.000000,1.100000,0.000000,0.000000,-1.571000,-0.300000,1.000023,1.065166,1.491517
0.140000,0.000000,-0.000025,0.034824,-0.000007,-0.004936,-0.035940,-0.000000,-0.000879,1.570000,-0.300000,1.000000,1.100000,0.000000,0.000000,-1.571000,-0.300000,1.000025,1.065176,1.491526
0.142000,0.000000,-0.000026,0.034817,-0.000007,-0.005006,-0.036350,-0.000000,-0.000916,1.570000,-0.300000,1.000000,1.100000,0.000000,0.000000,-1.571000,-0.300000,1.000026,1.065183,1.491532
0.144000,0.000000,-0.000027,0.034811,-0.000008,-0.005061,-0.036621,-0.000000,-0.000943,1.570000,-0.300000,1.000000,1.100000,0.000000,0.000000,-1.571000,-0.300000,1.000027,1.065189,1.491536
0.146000,0.000000,-0.000028,0.034808,-0.000008,-0.005108,-0.036800,-0.000000,-0.000963,1.570000,-0.300000,1.000000,1.100000,0.000000,0.000000,-1.571000,-0.300000,1.000028,1.065192,1.491540
0.148000,0.000000,-0.000029,0.034805,-0.000009,-0.005148,-0.036919,-0.000000,-0.000977,1.570000,-0.300000,1.000000,1.100000,0.000000,0.000000,-1.571000,-0.300000,1.000029,1.065195,1.491542
0.150000,0.000000,-0.000030,0.034803,-0.000010,-0.005184,-0.036998,-0.000000,-0.000987,1.570000,-0.300000,1.000000,1.100000,0.000000,0.000000,-1.571000,-0.300000,1.000030,1.065197,1.491545
0.152000,-0.000000,-0.000031,0.034801,-0.000012,-0.005218,-0.037050,-0.000000,-0.000994,1.570000,-0.300000,1.000000,1.100000,0.000000,0.000000,-1.571000,-0.300000,1.000031,1.065199,1.491546
0.154000,-0.000000,-0.000032,0.034800,-0.000014,-0.005249,-0.037084,-0.000000,-0.000999,1.570000,-0.300000,1.000000,1.100000,0.000000,0.000000,-1.571000,-0.300000,1.000032,1.065200,1.491548
0.156000,-0.000000,-0.000033,0.034800,-0.000016,-0.005280,-0.037107,-0.000000,-0.001002,1.570000,-0.300000,1.000000,1.100000,0.000000,0.000000,-1.571000,-0.300000,1.000033,1.065200,1.491549
0.158000,-0.000000,-0.000034,0.034799,-0.000018,-0.005309,-0.037123,-0.000000,-0.001005,1.570000,-0.300000,1.000000,1.100000,0.000000,0.000000,-1.571000,-0.300000,1.000034,1.065201,1.491550
0.160000,-0.000000,-0.000035,0.034799,-0.000021,-0.005338,-0.037134,-0.000000,-0.001007,1.570000,-0.300000,1.000000,1.100000,0.000000,0.000000,-1.571000,-0.300000,1.000035,1.065201,1.491551
0.162000,-0.000000,-0.000036,0.034798,-0.000022,-0.005366,-0.037143,-0.000000,-0.001008,1.570000,-0.300000,1.000000,1.100000,0.000000,0.000000,-1.571000,-0.300000,1.000036,1.065202,1.491552
0.164000,-0.000000,-0.000037,0.034798,-0.000022,-0.005394,-0.037153,-0.000000,-0.001009,1.570000,-0.300000,1.000000,1.100000,0.000000,0.000000,-1.571000,-0.300000,1.000037,1.065202,1.491552
0.166000,-0.000000,-0.000038,0.034798,-0.000022,-0.005422,-0.037164,-0.000000,-0.001009,1.570000,-0.300000,1.000000,1.100000,0.000000,0.000000,-1.571000,-0.300000,1.000038,1.065202,1.491553
0.168000,-0.000000,-0.000040,0.034798,-0.000021,-0.005449,-0.037177,-0.000000,-0.001010,1.570000,-0.300000,1.000000,1.100000,0.000000,0.000000,-1.571000,-0.300000,1.000040,1.065202,1.491554
0.170000,-0.000000,-0.000041,0.034798,-0.000021,-0.005477,-0.037191,-0.000000,-0.001010,1.570000,-0.300000,1.000000,1.100000,0.000000,0.000000,-1.571000,-0.300000,1.000041,1.065202,1.491555
0.172000,-0.000000,-0.000042,0.034798,-0.000021,-0.005505,-0.037206,-0.000000,-0.001011,1.570000,-0.300000,1.000000,1.100000,0.000000,0.000000,-1.571000,-0.300000,1.000042,1.065202,1.491556
0.174000,-0.000000,-0.000044,0.034798,-0.000021,-0.005533,-0.037221,-0.000000,-0.001011,1.570000,-0.300000,1.000000,1.100000,0.000000,0.000000,-1.571000,-0.300000,1.000044,1.065202,1.491557
0.176000,-0.000000,-0.000045,0.034798,-0.000021,-0.005560,-0.037236,-0.000000,-0.001012,1.570000,-0.300000,1.000000,1.100000,0.000000,0.000000,-1.571000,-0.300000,1.000045,1.065202,1.491558
0.178000,-0.000000,-0.000047,0.034798,-0.000022,-0.005588,-0.037251,-0.000000,-0.001012,1.570000,-0.300000,1.000000,1.100000,0.000000,0.000000,-1.571000,-0.300000,1.000047,1.065202,1.491559
0.180000,-0.000000,-0.000048,0.034798,-0.000025,-0.005616,-0.037267,-0.000000,-0.001012,1.570000,-0.300000,1.000000,1.100000,0.000000,0.000000,-1.571000,-0.300000,1.000048,1.065202,1.491560
0.182000,-0.000000,-0.000050,0.034797,-0.000030,-0.005639,-0.037283,-0.000000,-0.001013,1.570000,-0.300000,1.000000,1.100000,0.000000,0.000000,-1.571000,-0.300000,1.000050,1.065203,1.491562
0.184000,-0.000000,-0.000051,0.034797,-0.000031,-0.005642,-0.037297,-0.000000,-0.001013,1.570000,-0.300000,1.000000,1.100000,0.000000,0.000000,-1.571000,-0.300000,1.000051,1.065203,1.491563
0.186000,-0.000000,-0.000053,0.034797,-0.000031,-0.005643,-0.037307,-0.000000,-0.001013,1.570000,-0.300000,1.000000,1.100000,0.000000,0.000000,-1.571000,-0.300000,1.000053,1.065203,1.491564
0.188000,-0.000001,-0.000055,0.034797,-0.000031,-0.005644,-0.037314,-0.000000,-0.001014,1.570000,-0.300000,1.000000,1.100000,0.000000,0.000000,-1.571000,-0.299999,1.000055,1.065203,1.491565
0.190000,-0.000001,-0.000057,0.034797,-0.000031,-0.005644,-0.037318,-0.000000,-0.001014,1.570000,-0.300000,1.000000,1.100000,0.000000,0.000000,-1.571000,-0.299999,1.000057,1.065203,1.491566
0.192000,-0.000001,-0.000058,0.034797,-0.000031,-0.005645,-0.037321,-0.000000,-0.001014,1.570000,-0.300000,1.000000,1.100000,0.000000,0.000000,-1.571000,-0.299999,1.000058,1.065203,1.491567
0.194000,-0.000001,-0.000060,0.034797,-0.000031,-0.005645,-0.037322,-0.000000,-0.001014,1.570000,-0.300000,1.000000,1.100000,0.000000,0.000000,-1.571000,-0.299999,1.000060,1.065203,1.491568
0.196000,-0.000001,-0.000062,0.034797,-0.000031,-0.005645,-0.037324,-0.000000,-0.001014,1.570001,-0.300000,1.000000,1.100000,0.000000,0.000000,-1.571000,-0.299999,1.000062,1.065203,1.491570
0.198000,-0.000001,-0.000063,0.034797,-0.000031,-0.005645,-0.037324,-0.000000,-0.001014,1.570001,-0.300000,1.000000,1.100000,0.000000,0.000000,-1.571000,-0.299999,1.000063,1.065203,1.491571
0.200000,-0.000001,-0.000065,0.034797,-0.000031,-0.005645,-0.037325,-0.000000,-0.001014,1.570001,-0.300000,1.000000,1.100000,0.000000,0.000000,-1.571000,-0.299999,1.000065,1.065203,1.491572
0.202000,-0.000001,-0.000067,0.034797,-0.000031,-0.005645,-0.037325,-0.000000,-0.001015,1.570001,-0.300000,1.000000,1.100000,0.000000,0.000000,-1.571000,-0.299999,1.000067,1.065203,1.491573
0.204000,-0.000001,-0.000068,0.034797,-0.000031,-0.005645,-0.037326,-0.000000,-0.001015,1.570001,-0.300000,1.000000,1.100000,0.000000,0.000000,-1.571000,-0.299999,1.000068,1.065203,1.491574
0.206000,-0.000001,-0.000070,0.034797,-0.000031,-0.005645,-0.037326,-0.000000,-0.001015,1.570001,-0.300000,1.000000,1.100000,0.000000,0.000000,-1.571000,-0.299999,1.000070,1.065203,1.491575
0.208000,-0.000001,-0.000072,0.034797,-0.000031,-0.005645,-0.037326,-0.000000,-0.001015,1.570001,-0.300000,1.000000,1.100000,0.000000,0.000000,-1.571000,-0.299999,1.000072,1.065203,1.491576
0.210000,-0.000001,-0.000073,0.034797,-0.000031,-0.005645,-0.037326,-0.000000,-0.001015,1.570001,-0.300000,1.000000,1.100000,0.000000,0.000000,-1.571000,-0.299999,1.000073,1.065203,1.491577
0.212000,-0.000001,-0.000075,0.034797,-0.000031,-0.005645,-0.037326,-0.000000,-0.001015,1.570001,-0.300000,1.000000,1.100000,0.000000,0.000000,-1.571000,-0.299999,1.000075,1.065203,1.491579
0.214000,-0.000001,-0.000077,0.034797,-0.000031,-0.005645,-0.037326,-0.000000,-0.001015,1.570001,-0.300000,1.000000,1.100000,0.000000,0.000000,-1.571000,-0.299999,1.000077,1.065203,1.491580
0.216000,-0.000001,-0.000078,0.034797,-0.000031,-0.005645,-0.037326,-0.000000,-0.001015,1.570001,-0.300000,1.000000,1.100000,0.000000,0.000000,-1.571000,-0.299999,1.000078,1.065203,1.491581
0.218000,-0.000001,-0.000080,0.034797,-0.000031,-0.005645,-0.037326,-0.000000,-0.001015,1.570001,-0.300000,1.000000,1.100000,0.000000,0.000000,-1.571000,-0.299999,1.000080,1.065203,1.491582
0.220000,-0.000001,-0.000082,0.034797,-0.000031,-0.005645,-0.037326,-0.000000,-0.001015,1.570001,-0.300000,1.000000,1.100000,0.000000,0.000000,-1.571000,-0.299999,1.000082,1.065203,1.491583
0.222000,-0.000001,-0.000083,0.034797,-0.000031,-0.005645,-0.037326,-0.000000,-0.001015,1.570001,-0.300000,1.000000,1.100000,0.000000,0.000000,-1.571000,-0.299999,1.000083,1.065203,1.491584
0.224000,-0.000001,-0.000085,0.034797,-0.000031,-0.005645,-0.037326,-0.000000,-0.001015,1.570001,-0.300000,1.000000,1.100000,0.000000,0.000000,-1.571000,-0.299999,1.000085,1.065203,1.491585
0.226000,-0.000001,-0.000087,0.034797,-0.000031,-0.005645,-0.037326,-0.000000,-0.001015,1.570001,-0.300000,1.000000,1.100000,0.000000,0.000000,-1.571000,-0.299999,1.000087,1.065203,1.491586
0.228000,-0.000001,-0.000088,0.034797,-0.000031,-0.005645,-0.037326,-0.000000,-0.001015,1.570001,-0.300000,1.000000,1.100000,0.000000,0.000000,-1.571000,-0.299999,1.000088,1.065203,1.491587
0.230000,-0.000001,-0.000090,0.034797,-0.000031,-0.005645,-0.037326,-0.000000,-0.001015,1.570001,-0.300000,1.000000,1.100000,0.000000,0.000000,-1.571000,-0.299999,1.000090,1.065203,1.491589
0.232000,-0.000001,-0.000092,0.034797,-0.000031,-0.005645,-0.037326,-0.000000,-0.001015,1.570001,-0.300000,1.000000,1.100000,0.000000,0.000000,-1.571000,-0.299999,1.000092,1.065203,1.491590
0.234000,-0.000002,-0.000093,0.034797,-0.000031,-0.005645,-0.037326,-0.000000,-0.001015,1.570001,-0.300000,1.000000,1.100000,0.000000,0.000000,-1.571000,-0.299998,1.000093,1.065203,1.491591
0.236000,-0.000002,-0.000095,0.034797,-0.000031,-0.005645,-0.037326,-0.000000,-0.001015,1.570001,-0.300000,1.000000,1.100000,0.000000,0.000000,-1.571000,-0.299998,1.000095,1.065203,1.491592
0.238000,-0.000002,-0.000097,0.034797,-0.000031,-0.005645,-0.037326,-0.000000,-0.001015,1.570001,-0.300000,1.000000,1.100000,0.000000,0.000000,-1.571000,-0.299998,1.000097,1.065203,1.491593
0.240000,-0.000002,-0.000098,0.034797,-0.000031,-0.005645,-0.037326,-0.000000,-0.001015,1.570001,-0.300000,1.000000,1.100000,0.000000,0.000000,-1.571000,-0.299998,1.000098,1.065203,1.491594
0.242000,-0.000002,-0.000100,0.034797,-0.000031,-0.005645,-0.037326,-0.000000,-0.001015,1.570001,-0.300000,1.000000,1.100000,0.000000,0.000000,-1.571000,-0.299998,1.000100,1.065203,1.491595
0.244000,-0.000002,-0.000102,0.034797,-0.000031,-0.005645,-0.037326,-0.000000,-0.001015,1.570001,-0.300000,1.000000,1.100000,0.000000,0.000000,-1.571000,-0.299998,1.000102,1.065203,1.491596
0.246000,-0.000002,-0.000103,0.034797,-0.000031,-0.005645,-0.037326,-0.000000,-0.001015,1.570002,-0.300000,1.000000,1.100000,0.000000,0.000000,-1.571000,-0.299998,1.000103,1.065203,1.491597
0.248000,-0.000002,-0.000105,0.034797,-0.000031,-0.005645,-0.037326,-0.000000,-0.001015,1.570002,-0.300000,1.000000,1.100000,0.000000,0.000000,-1.571000,-0.299998,1.000105,1.065203,1.491599
0.250000,-0.000002,-0.000107,0.034797,-0.000031,-0.005645,-0.037326,-0.000000,-0.001015,1.570002,-0.300000,1.000000,1.100000,0.000000,0.000000,-1.571000,-0.299998,1.000107,1.065203,1.491600
0.252000,-0.000002,-0.000108,0.034797,-0.000031,-0.005645,-0.037326,-0.000000,-0.001015,1.570002,-0.300000,1.000000,1.100000,0.000000,0.000000,-1.571000,-0.299998,1.000108,1.065203,1.491601
0.254000,-0.000002,-0.000110,0.034797,-0.000031,-0.005645,-0.037326,-0.000000,-0.001015,1.570002,-0.300000,1.000000,1.100000,0.000000,0.000000,-1.571000,-0.299998,1.000110,1.065203,1.491602
0.256000,-0.000002,-0.000112,0.034797,-0.000031,-0.005645,-0.037326,-0.000000,-0.001015,1.570002,-0.300000,1.000000,1.100000,0.000000,0.000000,-1.571000,-0.299998,1.000112,1.065203,1.491603
0.258000,-0.000002,-0.000113,0.034797,-0.000031,-0.005645,-0.037326,-0.000000,-0.001015,1.570002,-0.300000,1.000000,1.100000,0.000000,0.000000,-1.571000,-0.299998,1.000113,1.065203,1.491604
0.260000,-0.000002,-0.000115,0.034797,-0.000031,-0.005645,-0.037326,-0.000000,-0.001015,1.570002,-0.300000,1.000000,1.100000,0.000000,0.000000,-1.571000,-0.299998,1.000115,1.065203,1.491605
0.262000,-0.000002,-0.000117,0.034797,-0.000031,-0.005645,-0.037326,-0.000000,-0.001015,1.570002,-0.300000,1.000000,1.100000,0.000000,0.000000,-1.571000,-0.299998,1.000117,1.065203,1.491606
0.264000,-0.000002,-0.000118,0.034797,-0.000031,-0.005645,-0.037326,-0.000000,-0.001015,1.570002,-0.300000,1.000000,1.100000,0.000000,0.000000,-1.571000,-0.299998,1.000118,1.065203,1.491607
0.266000,-0.000002,-0.000120,0.034797,-0.000031,-0.005645,-0.037326,-0.000000,-0.001015,1.570002,-0.300000,1.000000,1.100000,0.000000,0.000000,-1.571000,-0.299998,1.000120,1.065203,1.491609
0.268000,-0.000002,-0.000122,0.034797,-0.000031,-0.005645,-0.037326,-0.000000,-0.001015,1.570002,-0.300000,1.000000,1.100000,0.000000,0.000000,-1.571000,-0.299998,1.000122,1.065203,1.491610
0.270000,-0.000002,-0.000124,0.034797,-0.000031,-0.005645,-0.037326,-0.000000,-0.001015,1.570002,-0.300000,1.000000,1.100000,0.000000,0.000000,-1.571000,-0.299998,1.000124,1.065203,1.491611
0.272000,-0.000002,-0.000125,0.034797,-0.000031,-0.005645,-0.037326,-0.000000,-0.001015,1.570002,-0.300000,1.000000,1.100000,0.000000,0.000000,-1.571000,-0.299998,1.000125,1.065203,1.491612
0.274000,-0.000002,-0.000127,0.034797,-0.000031,-0.005645,-0.037326,-0.000000,-0.001015,1.570002,-0.300000,1.000000,1.100000,0.000000,0.000000,-1.571000,-0.299998,1.000127,1.065203,1.491613
0.276000,-0.000002,-0.000129,0.034797,-0.000031,-0.005645,-0.037326,-0.000000,-0.001015,1.570002,-0.300000,1.000000,1.100000,0.000000,0.000000,-1.571000,-0.299998,1.000129,1.065203,1.491614
0.278000,-0.000003,-0.000130,0.034797,-0.000031,-0.005645,-0.037326,-0.000000,-0.001015,1.570002,-0.300000,1.000000,1.100000,0.000000,0.000000,-1.571000,-0.299997,1.000130,1.065203,1.491615
0.280000,-0.000003,-0.000132,0.034797,-0.000031,-0.005645,-0.037326,-0.000000,-0.001015,1.570002,-0.300000,1.000000,1.100000,0.000000,0.000000,-1.571000,-0.299997,1.000132,1.065203,1.491616
0.282000,-0.000003,-0.000134,0.034797,-0.000031,-0.005645,-0.037326,-0.000000,-0.001015,1.570002,-0.300000,1.000000,1.100000,0.000000,0.000000,-1.571000,-0.299997,1.000134,1.065203,1.491617
0.284000,-0.000003,-0.000135,0.034797,-0.000031,-0.005645,-0.037326,-0.000000,-0.001015,1.570002,-0.300000,1.000000,1.100000,0.000000,0.000000,-1.571000,-0.299997,1.000135,1.065203,1.491619
0.286000,-0.000003,-0.000137,0.034797,-0.000031,-0.005645,-0.037326,-0.000000,-0.001015,1.570002,-0.300000,1.000000,1.100000,0.000000,0.000000,-1.571000,-0.299997,1.000137,1.065203,1.491620
0.288000,-0.000003,-0.000139,0.034797,-0.000031,-0.005645,-0.037326,-0.000000,-0.001015,1.570002,-0.300000,1.000000,1.100000,0.000000,0.000000,-1.571000,-0.299997,1.000139,1.065203,1.491621
0.290000,-0.000003,-0.000140,0.034797,-0.000031,-0.005645,-0.037326,-0.000000,-0.001015,1.570002,-0.300000,1.000000,1.100000,0.000000,0.000000,-1.571000,-0.299997,1.000140,1.065203,1.491622
0.292000,-0.000003,-0.000142,0.034797,-0.000031,-0.005645,-0.037326,-0.000000,-0.001015,1.570002,-0.300000,1.000000,1.100000,0.000000,0.000000,-1.571000,-0.299997,1.000142,1.065203,1.491623
0.294000,-0.000003,-0.000144,0.034797,-0.000031,-0.005645,-0.037326,-0.000000,-0.001015,1.570002,-0.300000,1.000000,1.100000,0.000000,0.000000,-1.571000,-0.299997,1.000144,1.065203,1.491624
0.296000,-0.000003,-0.000145,0.034797,-0.000031,-0.005645,-0.037326,-0.000000,-0.001015,1.570003,-0.300000,1.000000,1.100000,0.000000,0.000000,-1.571000,-0.299997,1.000145,1.065203,1.491625
0.298000,-0.000003,-0.000147,0.034797,-0.000031,-0.005645,-0.037326,-0.000000,-0.001015,1.570003,-0.300000,1.000000,1.100000,0.000000,0.000000,-1.571000,-0.299997,1.000147,1.065203,1.491626
0.300000,-0.000003,-0.000149,0.034797,-0.000031,-0.005645,-0.037326,-0.000000,-0.001015,1.570003,-0.300000,1.000000,1.100000,0.000000,0.000000,-1.571000,-0.299997,1.000149,1.065203,1.491628
0.302000,-0.000003,-0.000150,0.034797,-0.000031,-0.005645,-0.037326,-0.000000,-0.001015,1.570003,-0.300000,1.000000,1.100000,0.000000,0.000000,-1.571000,-0.299997,1.000150,1.065203,1.491629
0.304000,-0.000003,-0.000152,0.034797,-0.000031,-0.005645,-0.037326,-0.000000,-0.001015,1.570003,-0.300000,1.000000,1.100000,0.000000,0.000000,-1.571000,-0.299997,1.000152,1.065203,1.491630
0.306000,-0.000003,-0.000154,0.034797,-0.000031,-0.005645,-0.037326,-0.000000,-0.001015,1.570003,-0.300000,1.000000,1.100000,0.000000,0.000000,-1.571000,-0.299997,1.000154,1.065203,1.491631
0.308000,-0.000003,-0.000155,0.034797,-0.000031,-0.005645,-0.037326,-0.000000,-0.001015,1.570003,-0.300000,1.000000,1.100000,0.000000,0.000000,-1.571000,-0.299997,1.000155,1.065203,1.491632
0.310000,-0.000003,-0.000157,0.034797,-0.000031,-0.005645,-0.037326,-0.000000,-0.001015,1.570003,-0.300000,1.000000,1.100000,0.000000,0.000000,-1.571000,-0.299997,1.000157,1.065203,1.491633
0.312000,-0.000003,-0.000159,0.034797,-0.000031,-0.005645,-0.037326,-0.000000,-0.001015,1.570003,-0.300000,1.000000,1.100000,0.000000,0.000000,-1.571000,-0.299997,1.000159,1.065203,1.491634
0.314000,-0.000003,-0.000160,0.034797,-0.000031,-0.005645,-0.037326,-0.000000,-0.001015,1.570003,-0.300000,1.000000,1.100000,0.000000,0.000000,-1.571000,-0.299997,1.000160,1.065203,1.491635
0.316000,-0.000003,-0.000162,0.034797,-0.000031,-0.005645,-0.037326,-0.000000,-0.001015,1.570003,-0.300000,1.000000,1.100000,0.000000,0.000000,-1.571000,-0.299997,1.000162,1.065203,1.491636
0.318000,-0.000003,-0.000164,0.034797,-0.000031,-0.005645,-0.037326,-0.000000,-0.001015,1.570003,-0.300000,1.000000,1.100000,0.000000,0.000000,-1.571000,-0.299997,1.000164,1.065203,1.491638
0.320000,-0.000003,-0.000165,0.034797,-0.000031,-0.005645,-0.037326,-0.000000,-0.001015,1.570003,-0.300000,1.000000,1.100000,0.000000,0.000000,-1.571000,-0.299997,1.000165,1.065203,1.491639
0.322000,-0.000004,-0.000167,0.034797,-0.000031,-0.005645,-0.037326,-0.000000,-0.001015,1.570003,-0.300000,1.000000,1.100000,0.000000,0.000000,-1.571000,-0.299996,1.000167,1.065203,1.491640
0.324000,-0.000004,-0.000169,0.034797,-0.000031,-0.005645,-0.037326,-0.000000,-0.001015,1.570003,-0.300000,1.000000,1.100000,0.000000,0.000000,-1.571000,-0.299996,1.000169,1.065203,1.491641
0.326000,-0.000004,-0.000170,0.034797,-0.000031,-0.005645,-0.037326,-0.000000,-0.001015,1.570003,-0.300000,1.000000,1.100000,0.000000,0.000000,-1.571000,-0.299996,1.000170,1.065203,1.491642
0.328000,-0.000004,-0.000172,0.034797,-0.000031,-0.005645,-0.037326,-0.000000,-0.001015,1.570003,-0.300000,1.000000,1.100000,0.000000,0.000000,-1.571000,-0.299996,1.000172,1.065203,1.491643
0.330000,-0.000004,-0.000174,0.034797,-0.000031,-0.005645,-0.037326,-0.000000,-0.001015,1.570003,-0.300000,1.000000,1.100000,0.000000,0.000000,-1.571000,-0.299996,1.000174,1.065203,1.491644
0.332000,-0.000004,-0.000175,0.034797,-0.000031,-0.005645,-0.037326,-0.000000,-0.001015,1.570003,-0.300000,1.000000,1.100000,0.000000,0.000000,-1.571000,-0.299996,1.000175,1.065203,1.491645
0.334000,-0.000004,-0.000177,0.034797,-0.000031,-0.005645,-0.037326,-0.000000,-0.001015,1.570003,-0.300000,1.000000,1.100000,0.000000,0.000000,-1.571000,-0.299996,1.000177,1.065203,1.491646
0.336000,-0.000004,-0.000179,0.034797,-0.000031,-0.005645,-0.037326,-0.000000,-0.001015,1.570003,-0.300000,1.000000,1.100000,0.000000,0.000000,-1.571000,-0.299996,1.000179,1.065203,1.491648
0.338000,-0.000004,-0.000180,0.034797,-0.000031,-0.005645,-0.037326,-0.000000,-0.001015,1.570003,-0.300000,1.000000,1.100000,0.000000,0.000000,-1.571000,-0.299996,1.000180,1.065203,1.491649
0.340000,-0.000004,-0.000182,0.034797,-0.000031,-0.005645,-0.037326,-0.000000,-0.001015,1.570003,-0.300000,1.000000,1.100000,0.000000,0.000000,-1.571000,-0.299996,1.000182,1.065203,1.491650
0.342000,-0.000004,-0.000184,0.034797,-0.000031,-0.005645,-0.037326,-0.000000,-0.001015,1.570003,-0.300000,1.000000,1.100000,0.000000,0.000000,-1.571000,-0.299996,1.000184,1.065203,1.491651
0.344000,-0.000004,-0.000185,0.034797,-0.000031,-0.005645,-0.037326,-0.000000,-0.001015,1.570003,-0.300000,1.000000,1.100000,0.000000,0.000000,-1.571000,-0.299996,1.000185,1.065203,1.491652
0.346000,-0.000004,-0.000187,0.034797,-0.000031,-0.005645,-0.037326,-0.000000,-0.001015,1.570003,-0.300000,1.000000,1.100000,0.000000,0.000000,-1.571000,-0.299996,1.000187,1.065203,1.491653
0.348000,-0.000004,-0.000189,0.034797,-0.000031,-0.005645,-0.037326,-0.000000,-0.001015,1.570004,-0.300000,1.000000,1.100000,0.000000,0.000000,-1.571000,-0.299996,1.000189,1.065203,1.491654
0.350000,-0.000004,-0.000190,0.034797,-0.000031,-0.005645,-0.037326,-0.000000,-0.001015,1.570004,-0.300000,1.000000,1.100000,0.000000,0.000000,-1.571000,-0.299996,1.000190,1.065203,1.491655
0.352000,-0.000004,-0.000192,0.034797,-0.000031,-0.005645,-0.037326,-0.000000,-0.001015,1.570004,-0.300000,1.000000,1.100000,0.000000,0.000000,-1.571000,-0.299996,1.000192,1.065203,1.491656
0.354000,-0.000004,-0.000194,0.034797,-0.000031,-0.005645,-0.037326,-0.000000,-0.001015,1.570004,-0.300000,1.000000,1.100000,0.000000,0.000000,-1.571000,-0.299996,1.000194,1.065203,1.491658
0.356000,-0.000004,-0.000196,0.034797,-0.000031,-0.005645,-0.037326,-0.000000,-0.001015,1.570004,-0.300000,1.000000,1.100000,0.000000,0.000000,-1.571000,-0.299996,1.000196,1.065203,1.491659
0.358000,-0.000004,-0.000197,0.034797,-0.000031,-0.005645,-0.037326,-0.000000,-0.001015,1.570004,-0.300000,1.000000,1.100000,0.000000,0.000000,-1.571000,-0.299996,1.000197,1.065203,1.491660
0.360000,-0.000004,-0.000199,0.034797,-0.000031,-0.005645,-0.037326,-0.000000,-0.001015,1.570004,-0.300000,1.000000,1.100000,0.000000,0.000000,-1.571000,-0.299996,1.000199,1.065203,1.491661
0.362000,-0.000004,-0.000201,0.034797,-0.000031,-0.005645,-0.037326,-0.000000,-0.001015,1.570004,-0.300000,1.000000,1.100000,0.000000,0.000000,-1.571000,-0.299996,1.000201,1.065203,1.491662
0.364000,-0.000004,-0.000202,0.034797,-0.000031,-0.005645,-0.037326,-0.000000,-0.001015,1.570004,-0.300000,1.000000,1.100000,0.000000,0.000000,-1.571000,-0.299996,1.000202,1.065203,1.491663
0.366000,-0.000004,-0.000204,0.034797,-0.000031,-0.005645,-0.037326,-0.000000,-0.001015,1.570004,-0.300000,1.000000,1.100000,0.000000,0.000000,-1.571000,-0.299996,1.000204,1.065203,1.491664
0.368000,-0.000005,-0.000206,0.034797,-0.000031,-0.005645,-0.037326,-0.000000,-0.001015,1.570004,-0.300000,1.000000,1.100000,0.000000,0.000000,-1.571000,-0.299995,1.000206,1.065203,1.491665
0.370000,-0.000005,-0.000207,0.034797,-0.000031,-0.005645,-0.037326,-0.000000,-0.001015,1.570004,-0.300000,1.000000,1.100000,0.000000,0.000000,-1.571000,-0.299995,1.000207,1.065203,1.491667
0.372000,-0.000005,-0.000209,0.034797,-0.000031,-0.005645,-0.037326,-0.000000,-0.001015,1.570004,-0.300000,1.000000,1.100000,0.000000,0.000000,-1.571000,-0.299995,1.000209,1.065203,1.491668
0.374000,-0.000005,-0.000211,0.034797,-0.000031,-0.005645,-0.037326,-0.000000,-0.001015,1.570004,-0.300000,1.000000,1.100000,0.000000,0.000000,-1.571000,-0.299995,1.000211,1.065203,1.491669
0.376000,-0.000005,-0.000212,0.034797,-0.000031,-0.005645,-0.037326,-0.000000,-0.001015,1.570004,-0.300000,1.000000,1.100000,0.000000,0.000000,-1.571000,-0.299995,1.000212,1.065203,1.491670
0.378000,-0.000005,-0.000214,0.034797,-0.000031,-0.005645,-0.037326,-0.000000,-0.001015,1.570004,-0.300000,1.000000,1.100000,0.000000,0.000000,-1.571000,-0.299995,1.000214,1.065203,1.491671
0.380000,-0.000005,-0.000216,0.034797,-0.000031,-0.005645,-0.037326,-0.000000,-0.001015,1.570004,-0.300000,1.000000,1.100000,0.000000,0.000000,-1.571000,-0.299995,1.000216,1.065203,1.491672
0.382000,-0.000005,-0.000217,0.034797,-0.000031,-0.005645,-0.037326,-0.000000,-0.001015,1.570004,-0.300000,1.000000,1.100000,0.000000,0.000000,-1.571000,-0.299995,1.000217,1.065203,1.491673
0.384000,-0.000005,-0.000219,0.034797,-0.000031,-0.005645,-0.037326,-0.000000,-0.001015,1.570004,-0.300000,1.000000,1.100000,0.000000,0.000000,-1.571000,-0.299995,1.000219,1.065203,1.491674
0.386000,-0.000005,-0.000221,0.034797,-0.000031,-0.005645,-0.037326,-0.000000,-0.001015,1.570004,-0.300000,1.000000,1.100000,0.000000,0.000000,-1.571000,-0.299995,1.000221,1.065203,1.491675
0.388000,-0.000005,-0.000222,0.034797,-0.000031,-0.005645,-0.037326,-0.000000,-0.001015,1.570004,-0.300000,1.000000,1.100000,0.000000,0.000000,-1.571000,-0.299995,1.000222,1.065203,1.491677
0.390000,-0.000005,-0.000224,0.034797,-0.000031,-0.005645,-0.037326,-0.000000,-0.001015,1.570004,-0.300000,1.000000,1.100000,0.000000,0.000000,-1.571000,-0.299995,1.000224,1.065203,1.491678
0.392000,-0.000005,-0.000226,0.034797,-0.000031,-0.005645,-0.037326,-0.000000,-0.001015,1.570004,-0.300000,1.000000,1.100000,0.000000,0.000000,-1.571000,-0.299995,1.000226,1.065203,1.491679
0.394000,-0.000005,-0.000227,0.034797,-0.000031,-0.005645,-0.037326,-0.000000,-0.001015,1.570004,-0.300000,1.000000,1.100000,0.000000,0.000000,-1.571000,-0.299995,1.000227,1.065203,1.491680
0.396000,-0.000005,-0.000229,0.034797,-0.000031,-0.005645,-0.037326,-0.000000,-0.001015,1.570004,-0.300000,1.000000,1.100000,0.000000,0.000000,-1.571000,-0.299995,1.000229,1.065203,1.491681
0.398000,-0.000005,-0.000231,0.034797,-0.000031,-0.005645,-0.037326,-0.000000,-0.001015,1.570005,-0.300000,1.000000,1.100000,0.000000,0.000000,-1.571000,-0.299995,1.000231,1.065203,1.491682
0.400000,-0.000005,-0.000232,0.034797,-0.000031,-0.005645,-0.037326,-0.000000,-0.001015,1.570005,-0.300000,1.000000,1.100000,0.000000,0.000000,-1.571000,-0.299995,1.000232,1.065203,1.491683
0.402000,-0.000005,-0.000234,0.034797,-0.000031,-0.005645,-0.037326,-0.000000,-0.001015,1.570005,-0.300000,1.000000,1.100000,0.000000,0.000000,-1.571000,-0.299995,1.000234,1.065203,1.491684
0.404000,-0.000005,-0.000236,0.034797,-0.000031,-0.005645,-0.037326,-0.000000,-0.001015,1.570005,-0.300000,1.000000,1.100000,0.000000,0.000000,-1.571000,-0.299995,1.000236,1.065203,1.491685
0.406000,-0.000005,-0.000237,0.034797,-0.000031,-0.005645,-0.037326,-0.000000,-0.001015,1.570005,-0.300000,1.000000,1.100000,0.000000,0.000000,-1.571000,-0.299995,1.000237,1.065203,1.491687
0.408000,-0.000005,-0.000239,0.034797,-0.000031,-0.005645,-0.037326,-0.000000,-0.001015,1.570005,-0.300000,1.000000,1.100000,0.000000,0.000000,-1.571000,-0.299995,1.000239,1.065203,1.491688
0.410000,-0.000005,-0.000241,0.034797,-0.000031,-0.005645,-0.037326,-0.000000,-0.001015,1.570005,-0.300000,1.000000,1.100000,0.000000,0.000000,-1.571000,-0.299995,1.000241,1.065203,1.491689
0.412000,-0.000006,-0.000242,0.034797,-0.000031,-0.005645,-0.037326,-0.000000,-0.001015,1.570005,-0.300000,1.000000,1.100000,0.000000,0.000000,-1.571000,-0.299994,1.000242,1.065203,1.491690
0.414000,-0.000006,-0.000244,0.034797,-0.000031,-0.005645,-0.037326,-0.000000,-0.001015,1.570005,-0.300000,1.000000,1.100000,0.000000,0.000000,-1.571000,-0.299994,1.000244,1.065203,1.491691
0.416000,-0.000006,-0.000246,0.034797,-0.000031,-0.005645,-0.037326,-0.000000,-0.001015,1.570005,-0.300000,1.000000,1.100000,0.000000,0.000000,-1.571000,-0.299994,1.000246,1.065203,1.491692
0.418000,-0.000006,-0.000247,0.034797,-0.000031,-0.005645,-0.037326,-0.000000,-0.001015,1.570005,-0.300000,1.000000,1.100000,0.000000,0.000000,-1.571000,-0.299994,1.000247,1.065203,1.491693
0.420000,-0.000006,-0.000249,0.034797,-0.000031,-0.005645,-0.037326,-0.000000,-0.001015,1.570005,-0.300000,1.000000,1.100000,0.000000,0.000000,-1.571000,-0.299994,1.000249,1.065203,1.491694
0.422000,-0.000006,-0.000251,0.034797,-0.000031,-0.005645,-0.037326,-0.000000,-0.001015,1.570005,-0.300000,1.000000,1.100000,0.000000,0.000000,-1.571000,-0.299994,1.000251,1.065203,1.491695
0.424000,-0.000006,-0.000252,0.034797,-0.000031,-0.005645,-0.037326,-0.000000,-0.001015,1.570005,-0.300000,1.000000,1.100000,0.000000,0.000000,-1.571000,-0.299994,1.000252,1.065203,1.491697
0.426000,-0.000006,-0.000254,0.034797,-0.000031,-0.005645,-0.037326,-0.000000,-0.001015,1.570005,-0.300000,1.000000,1.100000,0.000000,0.000000,-1.571000,-0.299994,1.000254,1.065203,1.491698
0.428000,-0.000006,-0.000256,0.034797,-0.000031,-0.005645,-0.037326,-0.000000,-0.001015,1.570005,-0.300000,1.000000,1.100000,0.000000,0.000000,-1.571000,-0.299994,1.000256,1.065203,1.491699
0.430000,-0.000006,-0.000257,0.034797,-0.000031,-0.005645,-0.037326,-0.000000,-0.001015,1.570005,-0.300000,1.000000,1.100000,0.000000,0.000000,-1.571000,-0.299994,1.000257,1.065203,1.491700
0.432000,-0.000006,-0.000259,0.034797,-0.000031,-0.005645,-0.037326,-0.000000,-0.001015,1.570005,-0.300000,1.000000,1.100000,0.000000,0.000000,-1.571000,-0.299994,1.000259,1.065203,1.491701
0.434000,-0.000006,-0.000261,0.034797,-0.000031,-0.005645,-0.037326,-0.000000,-0.001015,1.570005,-0.300000,1.000000,1.100000,0.000000,0.000000,-1.571000,-0.299994,1.000261,1.065203,1.491702
0.436000,-0.000006,-0.000263,0.034797,-0.000031,-0.005645,-0.037326,-0.000000,-0.001015,1.570005,-0.300000,1.000000,1.100000,0.000000,0.000000,-1.571000,-0.299994,1.000263,1.065203,1.491703
0.438000,-0.000006,-0.000264,0.034797,-0.000031,-0.005645,-0.037326,-0.000000,-0.001015,1.570005,-0.300000,1.000000,1.100000,0.000000,0.000000,-1.571000,-0.299994,1.000264,1.065203,1.491704
0.440000,-0.000006,-0.000266,0.034797,-0.000031,-0.005645,-0.037326,-0.000000,-0.001015,1.570005,-0.300000,1.000000,1.100000,0.000000,0.000000,-1.571000,-0.299994,1.000266,1.065203,1.491705
0.442000,-0.000006,-0.000268,0.034797,-0.000031,-0.005645,-0.037326,-0.000000,-0.001015,1.570005,-0.300000,1.000000,1.100000,0.000000,0.000000,-1.571000,-0.299994,1.000268,1.065203,1.491707
0.444000,-0.000006,-0.000269,0.034797,-0.000031,-0.005645,-0.037326,-0.000000,-0.001015,1.570005,-0.300000,1.000000,1.100000,0.000000,0.000000,-1.571000,-0.299994,1.000269,1.065203,1.491708
0.446000,-0.000006,-0.000271,0.034797,-0.000031,-0.005645,-0.037326,-0.000000,-0.001015,1.570005,-0.300000,1.000000,1.100000,0.000000,0.000000,-1.571000,-0.299994,1.000271,1.065203,1.491709
0.448000,-0.000006,-0.000273,0.034797,-0.000031,-0.005645,-0.037326,-0.000000,-0.001015,1.570006,-0.300000,1.000000,1.100000,0.000000,0.000000,-1.571000,-0.299994,1.000273,1.065203,1.491710
0.450000,-0.000006,-0.000274,0.034797,-0.000031,-0.005645,-0.037326,-0.000000,-0.001015,1.570006,-0.300000,1.000000,1.100000,0.000000,0.000000,-1.571000,-0.299994,1.000274,1.065203,1.491711
0.452000,-0.000006,-0.000276,0.034797,-0.000031,-0.005645,-0.037326,-0.000000,-0.001015,1.570006,-0.300000,1.000000,1.100000,0.000000,0.000000,-1.571000,-0.299994,1.000276,1.065203,1.491712
0.454000,-0.000006,-0.000278,0.034797,-0.000031,-0.005645,-0.037326,-0.000000,-0.001015,1.570006,-0.300000,1.000000,1.100000,0.000000,0.000000,-1.571000,-0.299994,1.000278,1.065203,1.491713
0.456000,-0.000006,-0.000279,0.034797,-0.000031,-0.005645,-0.037326,-0.000000,-0.001015,1.570006,-0.300000,1.000000,1.100000,0.000000,0.000000,-1.571000,-0.299994,1.000279,1.065203,1.491714
0.458000,-0.000007,-0.000281,0.034797,-0.000031,-0.005645,-0.037326,-0.000000,-0.001015,1.570006,-0.300000,1.000000,1.100000,0.000000,0.000000,-1.571000,-0.299993,1.000281,1.065203,1.491716
0.460000,-0.000007,-0.000283,0.034797,-0.000031,-0.005645,-0.037326,-0.000000,-0.001015,1.570006,-0.300000,1.000000,1.100000,0.000000,0.000000,-1.571000,-0.299993,1.000283,1.065203,1.491717
0.462000,-0.000007,-0.000284,0.034797,-0.000031,-0.005645,-0.037326,-0.000000,-0.001015,1.570006,-0.300000,1.000000,1.100000,0.000000,0.000000,-1.571000,-0.299993,1.000284,1.065203,1.491718
0.464000,-0.000007,-0.000286,0.034797,-0.000031,-0.005645,-0.037326,-0.000000,-0.001015,1.570006,-0.300000,1.000000,1.100000,0.000000,0.000000,-1.571000,-0.299993,1.000286,1.065203,1.491719
0.466000,-0.000007,-0.000288,0.034797,-0.000031,-0.005645,-0.037326,-0.000000,-0.001015,1.570006,-0.300000,1.000000,1.100000,0.000000,0.000000,-1.571000,-0.299993,1.000288,1.065203,1.491720
0.468000,-0.000007,-0.000289,0.034797,-0.000031,-0.005645,-0.037326,-0.000000,-0.001015,1.570006,-0.300000,1.000000,1.100000,0.000000,0.000000,-1.571000,-0.299993,1.000289,1.065203,1.491721
0.470000,-0.000007,-0.000291,0.034797,-0.000031,-0.005645,-0.037326,-0.000000,-0.001015,1.570006,-0.300000,1.000000,1.100000,0.000000,0.000000,-1.571000,-0.299993,1.000291,1.065203,1.491722
0.472000,-0.000007,-0.000293,0.034797,-0.000031,-0.005645,-0.037326,-0.000000,-0.001015,1.570006,-0.300000,1.000000,1.100000,0.000000,0.000000,-1.571000,-0.299993,1.000293,1.065203,1.491723
0.474000,-0.000007,-0.000294,0.034797,-0.000031,-0.005645,-0.037326,-0.000000,-0.001015,1.570006,-0.300000,1.000000,1.100000,0.000000,0.000000,-1.571000,-0.299993,1.000294,1.065203,1.491724
0.476000,-0.000007,-0.000296,0.034797,-0.000031,-0.005645,-0.037326,-0.000000,-0.001015,1.570006,-0.300000,1.000000,1.100000,0.000000,0.000000,-1.571000,-0.299993,1.000296,1.065203,1.491726
0.478000,-0.000007,-0.000298,0.034797,-0.000031,-0.005645,-0.037326,-0.000000,-0.001015,1.570006,-0.300000,1.000000,1.100000,0.000000,0.000000,-1.571000,-0.299993,1.000298,1.065203,1.491727
0.480000,-0.000007,-0.000299,0.034797,-0.000031,-0.005645,-0.037326,-0.000000,-0.001015,1.570006,-0.300000,1.000000,1.100000,0.000000,0.000000,-1.571000,-0.299993,1.000299,1.065203,1.491728
0.482000,-0.000007,-0.000301,0.034797,-0.000031,-0.005645,-0.037326,-0.000000,-0.001015,1.570006,-0.300000,1.000000,1.100000,0.000000,0.000000,-1.571000,-0.299993,1.000301,1.065203,1.491729
0.484000,-0.000007,-0.000303,0.034797,-0.000031,-0.005645,-0.037326,-0.000000,-0.001015,1.570006,-0.300000,1.000000,1.100000,0.000000,0.000000,-1.571000,-0.299993,1.000303,1.065203,1.491730
0.486000,-0.000007,-0.000304,0.034797,-0.000031,-0.005645,-0.037326,-0.000000,-0.001015,1.570006,-0.300000,1.000000,1.100000,0.000000,0.000000,-1.571000,-0.299993,1.000304,1.065203,1.491731
0.488000,-0.000007,-0.000306,0.034797,-0.000031,-0.005645,-0.037326,-0.000000,-0.001015,1.570006,-0.300000,1.000000,1.100000,0.000000,0.000000,-1.571000,-0.299993,1.000306,1.065203,1.491732
0.490000,-0.000007,-0.000308,0.034797,-0.000031,-0.005645,-0.037326,-0.000000,-0.001015,1.570006,-0.300000,1.000000,1.100000,0.000000,0.000000,-1.571000,-0.299993,1.000308,1.065203,1.491733
0.492000,-0.000007,-0.000309,0.034797,-0.000031,-0.005645,-0.037326,-0.000000,-0.001015,1.570006,-0.300000,1.000000,1.100000,0.000000,0.000000,-1.571000,-0.299993,1.000309,1.065203,1.491734
0.494000,-0.000007,-0.000311,0.034797,-0.000031,-0.005645,-0.037326,-0.000000,-0.001015,1.570006,-0.300000,1.000000,1.100000,0.000000,0.000000,-1.571000,-0.299993,1.000311,1.065203,1.491736
0.496000,-0.000007,-0.000313,0.034797,-0.000031,-0.005645,-0.037326,-0.000000,-0.001015,1.570006,-0.300000,1.000000,1.100000,0.000000,0.000000,-1.571000,-0.299993,1.000313,1.065203,1.491737
0.498000,-0.000007,-0.000314,0.034797,-0.000031,-0.005645,-0.037326,-0.000000,-0.001015,1.570007,-0.300000,1.000000,1.100000,0.000000,0.000000,-1.571000,-0.299993,1.000314,1.065203,1.491738
0.500000,-0.000007,-0.000316,0.034797,-0.000031,-0.005645,-0.037326,-0.000000,-0.001015,1.570007,-0.300000,1.000000,1.100000,0.000000,0.000000,-1.571000,-0.299993,1.000316,1.065203,1.491739
0.502000,-0.000008,-0.000318,0.034797,-0.000031,-0.005645,-0.037326,-0.000000,-0.001015,1.570007,-0.300000,1.000000,1.100000,0.000000,0.000000,-1.571000,-0.299992,1.000318,1.065203,1.491740
0.504000,-0.000008,-0.000319,0.034797,-0.000031,-0.005645,-0.037326,-0.000000,-0.001015,1.570007,-0.300000,1.000000,1.100000,0.000000,0.000000,-1.571000,-0.299992,1.000319,1.065203,1.491741
0.506000,-0.000008,-0.000321,0.034797,-0.000031,-0.005645,-0.037326,-0.000000,-0.001015,1.570007,-0.300000,1.000000,1.100000,0.000000,0.000000,-1.571000,-0.299992,1.000321,1.065203,1.491742
0.508000,-0.000008,-0.000323,0.034797,-0.000031,-0.005645,-0.037326,-0.000000,-0.001015,1.570007,-0.300000,1.000000,1.100000,0.000000,0.000000,-1.571000,-0.299992,1.000323,1.065203,1.491743
0.510000,-0.000008,-0.000324,0.034797,-0.000031,-0.005645,-0.037326,-0.000000,-0.001015,1.570007,-0.300000,1.000000,1.100000,0.000000,0.000000,-1.571000,-0.299992,1.000324,1.065203,1.491744
0.512000,-0.000008,-0.000326,0.034797,-0.000031,-0.005645,-0.037326,-0.000000,-0.001015,1.570007,-0.300000,1.000000,1.100000,0.000000,0.000000,-1.571000,-0.299992,1.000326,1.065203,1.491746
0.514000,-0.000008,-0.000328,0.034797,-0.000031,-0.005645,-0.037326,-0.000000,-0.001015,1.570007,-0.300000,1.000000,1.100000,0.000000,0.000000,-1.571000,-0.299992,1.000328,1.065203,1.491747
0.516000,-0.000008,-0.000329,0.034797,-0.000031,-0.005645,-0.037326,-0.000000,-0.001015,1.570007,-0.300000,1.000000,1.100000,0.000000,0.000000,-1.571000,-0.299992,1.000329,1.065203,1.491748
0.518000,-0.000008,-0.000331,0.034797,-0.000031,-0.005645,-0.037326,-0.000000,-0.001015,1.570007,-0.300000,1.000000,1.100000,0.000000,0.000000,-1.571000,-0.299992,1.000331,1.065203,1.491749
0.520000,-0.000008,-0.000333,0.034797,-0.000031,-0.005645,-0.037326,-0.000000,-0.001015,1.570007,-0.300000,1.000000,1.100000,0.000000,0.000000,-1.571000,-0.299992,1.000333,1.065203,1.491750
0.522000,-0.000008,-0.000335,0.034797,-0.000031,-0.005645,-0.037326,-0.000000,-0.001015,1.570007,-0.300000,1.000000,1.100000,0.000000,0.000000,-1.571000,-0.299992,1.000335,1.065203,1.491751
0.524000,-0.000008,-0.000336,0.034797,-0.000031,-0.005645,-0.037326,-0.000000,-0.001015,1.570007,-0.300000,1.000000,1.100000,0.000000,0.000000,-1.571000,-0.299992,1.000336,1.065203,1.491752
0.526000,-0.000008,-0.000338,0.034797,-0.000031,-0.005645,-0.037326,-0.000000,-0.001015,1.570007,-0.300000,1.000000,1.100000,0.000000,0.000000,-1.571000,-0.299992,1.000338,1.065203,1.491753
0.528000,-0.000008,-0.000340,0.034797,-0.000031,-0.005645,-0.037326,-0.000000,-0.001015,1.570007,-0.300000,1.000000,1.100000,0.000000,0.000000,-1.571000,-0.299992,1.000340,1.065203,1.491755
0.530000,-0.000008,-0.000341,0.034797,-0.000031,-0.005645,-0.037326,-0.000000,-0.001015,1.570007,-0.300000,1.000000,1.100000,0.000000,0.000000,-1.571000,-0.299992,1.000341,1.065203,1.491756
0.532000,-0.000008,-0.000343,0.034797,-0.000031,-0.005645,-0.037326,-0.000000,-0.001015,1.570007,-0.300000,1.000000,1.100000,0.000000,0.000000,-1.571000,-0.299992,1.000343,1.065203,1.491757
0.534000,-0.000008,-0.000345,0.034797,-0.000031,-0.005645,-0.037326,-0.000000,-0.001015,1.570007,-0.300000,1.000000,1.100000,0.000000,0.000000,-1.571000,-0.299992,1.000345,1.065203,1.491758
0.536000,-0.000008,-0.000346,0.034797,-0.000031,-0.005645,-0.037326,-0.000000,-0.001015,1.570007,-0.300000,1.000000,1.100000,0.000000,0.000000,-1.571000,-0.299992,1.000346,1.065203,1.491759
0.538000,-0.000008,-0.000348,0.034797,-0.000031,-0.005645,-0.037326,-0.000000,-0.001015,1.570007,-0.300000,1.000000,1.100000,0.000000,0.000000,-1.571000,-0.299992,1.000348,1.065203,1.491760
0.540000,-0.000008,-0.000350,0.034797,-0.000031,-0.005645,-0.037326,-0.000000,-0.001015,1.570007,-0.300000,1.000000,1.100000,0.000000,0.000000,-1.571000,-0.299992,1.000350,1.065203,1.491761
0.542000,-0.000008,-0.000351,0.034797,-0.000031,-0.005645,-0.037326,-0.000000,-0.001015,1.570007,-0.300000,1.000000,1.100000,0.000000,0.000000,-1.571000,-0.299992,1.000351,1.065203,1.491762
0.544000,-0.000008,-0.000353,0.034797,-0.000031,-0.005645,-0.037326,-0.000000,-0.001015,1.570007,-0.300000,1.000000,1.100000,0.000000,0.000000,-1.571000,-0.299992,1.000353,1.065203,1.491763
0.546000,-0.000009,-0.000355,0.034797,-0.000031,-0.005645,-0.037326,-0.000000,-0.001015,1.570007,-0.300000,1.000000,1.100000,0.000000,0.000000,-1.571000,-0.299991,1.000355,1.065203,1.491765
0.548000,-0.000009,-0.000356,0.034797,-0.000031,-0.005645,-0.037326,-0.000000,-0.001015,1.570007,-0.300000,1.000000,1.100000,0.000000,0.000000,-1.571000,-0.299991,1.000356,1.065203,1.491766
0.550000,-0.000009,-0.000358,0.034797,-0.000031,-0.005645,-0.037326,-0.000000,-0.001015,1.570008,-0.300000,1.000000,1.100000,0.000000,0.000000,-1.571000,-0.299991,1.000358,1.065203,1.491767
0.552000,-0.000009,-0.000360,0.034797,-0.000031,-0.005645,-0.037326,-0.000000,-0.001015,1.570008,-0.300000,1.000000,1.100000,0.000000,0.000000,-1.571000,-0.299991,1.000360,1.065203,1.491768
0.554000,-0.000009,-0.000361,0.034797,-0.000031,-0.005645,-0.037326,-0.000000,-0.001015,1.570008,-0.300000,1.000000,1.100000,0.000000,0.000000,-1.571000,-0.299991,1.000361,1.065203,1.491769
0.556000,-0.000009,-0.000363,0.034797,-0.000031,-0.005645,-0.037326,-0.000000,-0.001015,1.570008,-0.300000,1.000000,1.100000,0.000000,0.000000,-1.571000,-0.299991,1.000363,1.065203,1.491770
0.558000,-0.000009,-0.000365,0.034797,-0.000031,-0.005645,-0.037326,-0.000000,-0.001015,1.570008,-0.300000,1.000000,1.100000,0.000000,0.000000,-1.571000,-0.299991,1.000365,1.065203,1.491771
0.560000,-0.000009,-0.000366,0.034797,-0.000031,-0.005645,-0.037326,-0.000000,-0.001015,1.570008,-0.300000,1.000000,1.100000,0.000000,0.000000,-1.571000,-0.299991,1.000366,1.065203,1.491772
0.562000,-0.000009,-0.000368,0.034797,-0.000031,-0.005645,-0.037326,-0.000000,-0.001015,1.570008,-0.300000,1.000000,1.100000,0.000000,0.000000,-1.571000,-0.299991,1.000368,1.065203,1.491773
0.564000,-0.000009,-0.000370,0.034797,-0.000031,-0.005645,-0.037326,-0.000000,-0.001015,1.570008,-0.300000,1.000000,1.100000,0.000000,0.000000,-1.571000,-0.299991,1.000370,1.065203,1.491775
0.566000,-0.000009,-0.000371,0.034797,-0.000031,-0.005645,-0.037326,-0.000000,-0.001015,1.570008,-0.300000,1.000000,1.100000,0.000000,0.000000,-1.571000,-0.299991,1.000371,1.065203,1.491776
0.568000,-0.000009,-0.000373,0.034797,-0.000031,-0.005645,-0.037326,-0.000000,-0.001015,1.570008,-0.300000,1.000000,1.100000,0.000000,0.000000,-1.571000,-0.299991,1.000373,1.065203,1.491777
0.570000,-0.000009,-0.000375,0.034797,-0.000031,-0.005645,-0.037326,-0.000000,-0.001015,1.570008,-0.300000,1.000000,1.100000,0.000000,0.000000,-1.571000,-0.299991,1.000375,1.065203,1.491778
0.572000,-0.000009,-0.000376,0.034797,-0.000031,-0.005645,-0.037326,-0.000000,-0.001015,1.570008,-0.300000,1.000000,1.100000,0.000000,0.000000,-1.571000,-0.299991,1.000376,1.065203,1.491779
0.574000,-0.000009,-0.000378,0.034797,-0.000031,-0.005645,-0.037326,-0.000000,-0.001015,1.570008,-0.300000,1.000000,1.100000,0.000000,0.000000,-1.571000,-0.299991,1.000378,1.065203,1.491780
0.576000,-0.000009,-0.000380,0.034797,-0.000031,-0.005645,-0.037326,-0.000000,-0.001015,1.570008,-0.300000,1.000000,1.100000,0.000000,0.000000,-1.571000,-0.299991,1.000380,1.065203,1.491781
0.578000,-0.000009,-0.000381,0.034797,-0.000031,-0.005645,-0.037326,-0.000000,-0.001015,1.570008,-0.300000,1.000000,1.100000,0.000000,0.000000,-1.571000,-0.299991,1.000381,1.065203,1.491782
0.580000,-0.000009,-0.000383,0.034797,-0.000031,-0.005645,-0.037326,-0.000000,-0.001015,1.570008,-0.300000,1.000000,1.100000,0.000000,0.000000,-1.571000,-0.299991,1.000383,1.065203,1.491783
0.582000,-0.000009,-0.000385,0.034797,-0.000031,-0.005645,-0.037326,-0.000000,-0.001015,1.570008,-0.300000,1.000000,1.100000,0.000000,0.000000,-1.571000,-0.299991,1.000385,1.065203,1.491785
0.584000,-0.000009,-0.000386,0.034797,-0.000031,-0.005645,-0.037326,-0.000000,-0.001015,1.570008,-0.300000,1.000000,1.100000,0.000000,0.000000,-1.571000,-0.299991,1.000386,1.065203,1.491786
0.586000,-0.000009,-0.000388,0.034797,-0.000031,-0.005645,-0.037326,-0.000000,-0.001015,1.570008,-0.300000,1.000000,1.100000,0.000000,0.000000,-1.571000,-0.299991,1.000388,1.065203,1.491787
0.588000,-0.000009,-0.000390,0.034797,-0.000031,-0.005645,-0.037326,-0.000000,-0.001015,1.570008,-0.300000,1.000000,1.100000,0.000000,0.000000,-1.571000,-0.299991,1.000390,1.065203,1.491788
0.590000,-0.000009,-0.000391,0.034797,-0.000031,-0.005645,-0.037326,-0.000000,-0.001015,1.570008,-0.300000,1.000000,1.100000,0.000000,0.000000,-1.571000,-0.299991,1.000391,1.065203,1.491789
0.592000,-0.000010,-0.000393,0.034797,-0.000031,-0.005645,-0.037326,-0.000000,-0.001015,1.570008,-0.300000,1.000000,1.100000,0.000000,0.000000,-1.571000,-0.299990,1.000393,1.065203,1.491790
0.594000,-0.000010,-0.000395,0.034797,-0.000031,-0.005645,-0.037326,-0.000000,-0.001015,1.570008,-0.300000,1.000000,1.100000,0.000000,0.000000,-1.571000,-0.299990,1.000395,1.065203,1.491791
0.596000,-0.000010,-0.000396,0.034797,-0.000031,-0.005645,-0.037326,-0.000000,-0.001015,1.570008,-0.300000,1.000000,1.100000,0.000000,0.000000,-1.571000,-0.299990,1.000396,1.065203,1.491792
0.598000,-0.000010,-0.000398,0.034797,-0.000031,-0.005645,-0.037326,-0.000000,-0.001015,1.570008,-0.300000,1.000000,1.100000,0.000000,0.000000,-1.571000,-0.299990,1.000398,1.065203,1.491794
0.600000,-0.000010,-0.000400,0.034797,-0.000031,-0.005645,-0.037326,-0.000000,-0.001015,1.570009,-0.300000,1.000000,1.100000,0.000000,0.000000,-1.571000,-0.299990,1.000400,1.065203,1.491795
0.602000,-0.000010,-0.000402,0.034797,-0.000031,-0.005645,-0.037326,-0.000000,-0.001015,1.570009,-0.300000,1.000000,1.100000,0.000000,0.000000,-1.571000,-0.299990,1.000402,1.065203,1.491796
0.604000,-0.000010,-0.000403,0.034797,-0.000031,-0.005645,-0.037326,-0.000000,-0.001015,1.570009,-0.300000,1.000000,1.100000,0.000000,0.000000,-1.571000,-0.299990,1.000403,1.065203,1.491797
0.606000,-0.000010,-0.000405,0.034797,-0.000031,-0.005645,-0.037326,-0.000000,-0.001015,1.570009,-0.300000,1.000000,1.100000,0.000000,0.000000,-1.571000,-0.299990,1.000405,1.065203,1.491798
0.608000,-0.000010,-0.000407,0.034797,-0.000031,-0.005645,-0.037326,-0.000000,-0.001015,1.570009,-0.300000,1.000000,1.100000,0.000000,0.000000,-1.571000,-0.299990,1.000407,1.065203,1.491799
0.610000,-0.000010,-0.000408,0.034797,-0.000031,-0.005645,-0.037326,-0.000000,-0.001015,1.570009,-0.300000,1.000000,1.100000,0.000000,0.000000,-1.571000,-0.299990,1.000408,1.065203,1.491800
0.612000,-0.000010,-0.000410,0.034797,-0.000031,-0.005645,-0.037326,-0.000000,-0.001015,1.570009,-0.300000,1.000000,1.100000,0.000000,0.000000,-1.571000,-0.299990,1.000410,1.065203,1.491801
0.614000,-0.000010,-0.000412,0.034797,-0.000031,-0.005645,-0.037326,-0.000000,-0.001015,1.570009,-0.300000,1.000000,1.100000,0.000000,0.000000,-1.571000,-0.299990,1.000412,1.065203,1.491802
0.616000,-0.000010,-0.000413,0.034797,-0.000031,-0.005645,-0.037326,-0.000000,-0.001015,1.570009,-0.300000,1.000000,1.100000,0.000000,0.000000,-1.571000,-0.299990,1.000413,1.065203,1.491804
0.618000,-0.000010,-0.000415,0.034797,-0.000031,-0.005645,-0.037326,-0.000000,-0.001015,1.570009,-0.300000,1.000000,1.100000,0.000000,0.000000,-1.571000,-0.299990,1.000415,1.065203,1.491805
0.620000,-0.000010,-0.000417,0.034797,-0.000031,-0.005645,-0.037326,-0.000000,-0.001015,1.570009,-0.300000,1.000000,1.100000,0.000000,0.000000,-1.571000,-0.299990,1.000417,1.065203,1.491806
0.622000,-0.000010,-0.000418,0.034797,-0.000031,-0.005645,-0.037326,-0.000000,-0.001015,1.570009,-0.300000,1.000000,1.100000,0.000000,0.000000,-1.571000,-0.299990,1.000418,1.065203,1.491807
0.624000,-0.000010,-0.000420,0.034797,-0.000031,-0.005645,-0.037326,-0.000000,-0.001015,1.570009,-0.300000,1.000000,1.100000,0.000000,0.000000,-1.571000,-0.299990,1.000420,1.065203,1.491808
0.626000,-0.000010,-0.000422,0.034797,-0.000031,-0.005645,-0.037326,-0.000000,-0.001015,1.570009,-0.300000,1.000000,1.100000,0.000000,0.000000,-1.571000,-0.299990,1.000422,1.065203,1.491809
0.628000,-0.000010,-0.000423,0.034797,-0.000031,-0.005645,-0.037326,-0.000000,-0.001015,1.570009,-0.300000,1.000000,1.100000,0.000000,0.000000,-1.571000,-0.299990,1.000423,1.065203,1.491810
0.630000,-0.000010,-0.000425,0.034797,-0.000031,-0.005645,-0.037326,-0.000000,-0.001015,1.570009,-0.300000,1.000000,1.100000,0.000000,0.000000,-1.571000,-0.299990,1.000425,1.065203,1.491811
0.632000,-0.000010,-0.000427,0.034797,-0.000031,-0.005645,-0.037326,-0.000000,-0.001015,1.570009,-0.300000,1.000000,1.100000,0.000000,0.000000,-1.571000,-0.299990,1.000427,1.065203,1.491812
0.634000,-0.000010,-0.000428,0.034797,-0.000031,-0.005645,-0.037326,-0.000000,-0.001015,1.570009,-0.300000,1.000000,1.100000,0.000000,0.000000,-1.571000,-0.299990,1.000428,1.065203,1.491814
0.636000,-0.000011,-0.000430,0.034797,-0.000031,-0.005645,-0.037326,-0.000000,-0.001015,1.570009,-0.300000,1.000000,1.100000,0.000000,0.000000,-1.571000,-0.299989,1.000430,1.065203,1.491815
0.638000,-0.000011,-0.000432,0.034797,-0.000031,-0.005645,-0.037326,-0.000000,-0.001015,1.570009,-0.300000,1.000000,1.100000,0.000000,0.000000,-1.571000,-0.299989,1.000432,1.065203,1.491816
0.640000,-0.000011,-0.000433,0.034797,-0.000031,-0.005645,-0.037326,-0.000000,-0.001015,1.570009,-0.300000,1.000000,1.100000,0.000000,0.000000,-1.571000,-0.299989,1.000433,1.065203,1.491817
0.642000,-0.000011,-0.000435,0.034797,-0.000031,-0.005645,-0.037326,-0.000000,-0.001015,1.570009,-0.300000,1.000000,1.100000,0.000000,0.000000,-1.571000,-0.299989,1.000435,1.065203,1.491818
0.644000,-0.000011,-0.000437,0.034797,-0.000031,-0.005645,-0.037326,-0.000000,-0.001015,1.570009,-0.300000,1.000000,1.100000,0.000000,0.000000,-1.571000,-0.299989,1.000437,1.065203,1.491819
0.646000,-0.000011,-0.000438,0.034797,-0.000031,-0.005645,-0.037326,-0.000000,-0.001015,1.570009,-0.300000,1.000000,1.100000,0.000000,0.000000,-1.571000,-0.299989,1.000438,1.065203,1.491820
0.648000,-0.000011,-0.000440,0.034797,-0.000031,-0.005645,-0.037326,-0.000000,-0.001015,1.570009,-0.300000,1.000000,1.100000,0.000000,0.000000,-1.571000,-0.299989,1.000440,1.065203,1.491821
0.650000,-0.000011,-0.000442,0.034797,-0.000031,-0.005645,-0.037326,-0.000000,-0.001015,1.570010,-0.300000,1.000000,1.100000,0.000000,0.000000,-1.571000,-0.299989,1.000442,1.065203,1.491822
0.652000,-0.000011,-0.000443,0.034797,-0.000031,-0.005645,-0.037326,-0.000000,-0.001015,1.570010,-0.300000,1.000000,1.100000,0.000000,0.000000,-1.571000,-0.299989,1.000443,1.065203,1.491824
0.654000,-0.000011,-0.000445,0.034797,-0.000031,-0.005645,-0.037326,-0.000000,-0.001015,1.570010,-0.300000,1.000000,1.100000,0.000000,0.000000,-1.571000,-0.299989,1.000445,1.065203,1.491825
0.656000,-0.000011,-0.000447,0.034797,-0.000031,-0.005645,-0.037326,-0.000000,-0.001015,1.570010,-0.300000,1.000000,1.100000,0.000000,0.000000,-1.571000,-0.299989,1.000447,1.065203,1.491826
0.658000,-0.000011,-0.000448,0.034797,-0.000031,-0.005645,-0.037326,-0.000000,-0.001015,1.570010,-0.300000,1.000000,1.100000,0.000000,0.000000,-1.571000,-0.299989,1.000448,1.065203,1.491827
0.660000,-0.000011,-0.000450,0.034797,-0.000031,-0.005645,-0.037326,-0.000000,-0.001015,1.570010,-0.300000,1.000000,1.100000,0.000000,0.000000,-1.571000,-0.299989,1.000450,1.065203,1.491828
0.662000,-0.000011,-0.000452,0.034797,-0.000031,-0.005645,-0.037326,-0.000000,-0.001015,1.570010,-0.300000,1.000000,1.100000,0.000000,0.000000,-1.571000,-0.299989,1.000452,1.065203,1.491829
0.664000,-0.000011,-0.000453,0.034797,-0.000031,-0.005645,-0.037326,-0.000000,-0.001015,1.570010,-0.300000,1.000000,1.100000,0.000000,0.000000,-1.571000,-0.299989,1.000453,1.065203,1.491830
0.666000,-0.000011,-0.000455,0.034797,-0.000031,-0.005645,-0.037326,-0.000000,-0.001015,1.570010,-0.300000,1.000000,1.100000,0.000000,0.000000,-1.571000,-0.299989,1.000455,1.065203,1.491831
0.668000,-0.000011,-0.000457,0.034797,-0.000031,-0.005645,-0.037326,-0.000000,-0.001015,1.570010,-0.300000,1.000000,1.100000,0.000000,0.000000,-1.571000,-0.299989,1.000457,1.065203,1.491833
0.670000,-0.000011,-0.000458,0.034797,-0.000031,-0.005645,-0.037326,-0.000000,-0.001015,1.570010,-0.300000,1.000000,1.100000,0.000000,0.000000,-1.571000,-0.299989,1.000458,1.065203,1.491834
0.672000,-0.000011,-0.000460,0.034797,-0.000031,-0.005645,-0.037326,-0.000000,-0.001015,1.570010,-0.300000,1.000000,1.100000,0.000000,0.000000,-1.571000,-0.299989,1.000460,1.065203,1.491835
0.674000,-0.000011,-0.000462,0.034797,-0.000031,-0.005645,-0.037326,-0.000000,-0.001015,1.570010,-0.300000,1.000000,1.100000,0.000000,0.000000,-1.571000,-0.299989,1.000462,1.065203,1.491836
0.676000,-0.000011,-0.000463,0.034797,-0.000031,-0.005645,-0.037326,-0.000000,-0.001015,1.570010,-0.300000,1.000000,1.100000,0.000000,0.000000,-1.571000,-0.299989,1.000463,1.065203,1.491837
0.678000,-0.000011,-0.000465,0.034797,-0.000031,-0.005645,-0.037326,-0.000000,-0.001015,1.570010,-0.300000,1.000000,1.100000,0.000000,0.000000,-1.571000,-0.299989,1.000465,1.065203,1.491838
0.680000,-0.000011,-0.000467,0.034797,-0.000031,-0.005645,-0.037326,-0.000000,-0.001015,1.570010,-0.300000,1.000000,1.100000,0.000000,0.000000,-1.571000,-0.299989,1.000467,1.065203,1.491839
0.682000,-0.000012,-0.000468,0.034797,-0.000031,-0.005645,-0.037326,-0.000000,-0.001015,1.570010,-0.300000,1.000000,1.100000,0.000000,0.000000,-1.571000,-0.299988,1.000468,1.065203,1.491840
0.684000,-0.000012,-0.000470,0.034797,-0.000031,-0.005645,-0.037326,-0.000000,-0.001015,1.570010,-0.300000,1.000000,1.100000,0.000000,0.000000,-1.571000,-0.299988,1.000470,1.065203,1.491841
0.686000,-0.000012,-0.000472,0.034797,-0.000031,-0.005645,-0.037326,-0.000000,-0.001015,1.570010,-0.300000,1.000000,1.100000,0.000000,0.000000,-1.571000,-0.299988,1.000472,1.065203,1.491843
0.688000,-0.000012,-0.000474,0.034797,-0.000031,-0.005645,-0.037326,-0.000000,-0.001015,1.570010,-0.300000,1.000000,1.100000,0.000000,0.000000,-1.571000,-0.299988,1.000474,1.065203,1.491844
0.690000,-0.000012,-0.000475,0.034797,-0.000031,-0.005645,-0.037326,-0.000000,-0.001015,1.570010,-0.300000,1.000000,1.100000,0.000000,0.000000,-1.571000,-0.299988,1.000475,1.065203,1.491845
0.692000,-0.000012,-0.000477,0.034797,-0.000031,-0.005645,-0.037326,-0.000000,-0.001015,1.570010,-0.300000,1.000000,1.100000,0.000000,0.000000,-1.571000,-0.299988,1.000477,1.065203,1.491846
0.694000,-0.000012,-0.000479,0.034797,-0.000031,-0.005645,-0.037326,-0.000000,-0.001015,1.570010,-0.300000,1.000000,1.100000,0.000000,0.000000,-1.571000,-0.299988,1.000479,1.065203,1.491847
0.696000,-0.000012,-0.000480,0.034797,-0.000031,-0.005645,-0.037326,-0.000000,-0.001015,1.570010,-0.300000,1.000000,1.100000,0.000000,0.000000,-1.571000,-0.299988,1.000480,1.065203,1.491848
0.698000,-0.000012,-0.000482,0.034797,-0.000031,-0.005645,-0.037326,-0.000000,-0.001015,1.570010,-0.300000,1.000000,1.100000,0.000000,0.000000,-1.571000,-0.299988,1.000482,1.065203,1.491849
0.700000,-0.000012,-0.000484,0.034797,-0.000031,-0.005645,-0.037326,-0.000000,-0.001015,1.570011,-0.300000,1.000000,1.100000,0.000000,0.000000,-1.571000,-0.299988,1.000484,1.065203,1.491850
0.702000,-0.000012,-0.000485,0.034797,-0.000031,-0.005645,-0.037326,-0.000000,-0.001015,1.570011,-0.300000,1.000000,1.100000,0.000000,0.000000,-1.571000,-0.299988,1.000485,1.065203,1.491851
0.704000,-0.000012,-0.000487,0.034797,-0.000031,-0.005645,-0.037326,-0.000000,-0.001015,1.570011,-0.300000,1.000000,1.100000,0.000000,0.000000,-1.571000,-0.299988,1.000487,1.065203,1.491853
0.706000,-0.000012,-0.000489,0.034797,-0.000031,-0.005645,-0.037326,-0.000000,-0.001015,1.570011,-0.300000,1.000000,1.100000,0.000000,0.000000,-1.571000,-0.299988,1.000489,1.065203,1.491854
0.708000,-0.000012,-0.000490,0.034797,-0.000031,-0.005645,-0.037326,-0.000000,-0.001015,1.570011,-0.300000,1.000000,1.100000,0.000000,0.000000,-1.571000,-0.299988,1.000490,1.065203,1.491855
0.710000,-0.000012,-0.000492,0.034797,-0.000031,-0.005645,-0.037326,-0.000000,-0.001015,1.570011,-0.300000,1.000000,1.100000,0.000000,0.000000,-1.571000,-0.299988,1.000492,1.065203,1.491856
0.712000,-0.000012,-0.000494,0.034797,-0.000031,-0.005645,-0.037326,-0.000000,-0.001015,1.570011,-0.300000,1.000000,1.100000,0.000000,0.000000,-1.571000,-0.299988,1.000494,1.065203,1.491857
0.714000,-0.000012,-0.000495,0.034797,-0.000031,-0.005645,-0.037326,-0.000000,-0.001015,1.570011,-0.300000,1.000000,1.100000,0.000000,0.000000,-1.571000,-0.299988,1.000495,1.065203,1.491858
0.716000,-0.000012,-0.000497,0.034797,-0.000031,-0.005645,-0.037326,-0.000000,-0.001015,1.570011,-0.300000,1.000000,1.100000,0.000000,0.000000,-1.571000,-0.299988,1.000497,1.065203,1.491859
0.718000,-0.000012,-0.000499,0.034797,-0.000031,-0.005645,-0.037326,-0.000000,-0.001015,1.570011,-0.300000,1.000000,1.100000,0.000000,0.000000,-1.571000,-0.299988,1.000499,1.065203,1.491860
0.720000,-0.000012,-0.000500,0.034797,-0.000031,-0.005645,-0.037326,-0.000000,-0.001015,1.570011,-0.300000,1.000000,1.100000,0.000000,0.000000,-1.571000,-0.299988,1.000500,1.065203,1.491861
0.722000,-0.000012,-0.000502,0.034797,-0.000031,-0.005645,-0.037326,-0.000000,-0.001015,1.570011,-0.300000,1.000000,1.100000,0.000000,0.000000,-1.571000,-0.299988,1.000502,1.065203,1.491863
0.724000,-0.000012,-0.000504,0.034797,-0.000031,-0.005645,-0.037326,-0.000000,-0.001015,1.570011,-0.300000,1.000000,1.100000,0.000000,0.000000,-1.571000,-0.299988,1.000504,1.065203,1.491864
0.726000,-0.000013,-0.000505,0.034797,-0.000031,-0.005645,-0.037326,-0.000000,-0.001015,1.570011,-0.300000,1.000000,1.100000,0.000000,0.000000,-1.571000,-0.299987,1.000505,1.065203,1.491865
0.728000,-0.000013,-0.000507,0.034797,-0.000031,-0.005645,-0.037326,-0.000000,-0.001015,1.570011,-0.300000,1.000000,1.100000,0.000000,0.000000,-1.571000,-0.299987,1.000507,1.065203,1.491866
0.730000,-0.000013,-0.000509,0.034797,-0.000031,-0.005645,-0.037326,-0.000000,-0.001015,1.570011,-0.300000,1.000000,1.100000,0.000000,0.000000,-1.571000,-0.299987,1.000509,1.065203,1.491867
0.732000,-0.000013,-0.000510,0.034797,-0.000031,-0.005645,-0.037326,-0.000000,-0.001015,1.570011,-0.300000,1.000000,1.100000,0.000000,0.000000,-1.571000,-0.299987,1.000510,1.065203,1.491868
0.734000,-0.000013,-0.000512,0.034797,-0.000031,-0.005645,-0.037326,-0.000000,-0.001015,1.570011,-0.300000,1.000000,1.100000,0.000000,0.000000,-1.571000,-0.299987,1.000512,1.065203,1.491869
0.736000,-0.000013,-0.000514,0.034797,-0.000031,-0.005645,-0.037326,-0.000000,-0.001015,1.570011,-0.300000,1.000000,1.100000,0.000000,0.000000,-1.571000,-0.299987,1.000514,1.065203,1.491870
0.738000,-0.000013,-0.000515,0.034797,-0.000031,-0.005645,-0.037326,-0.000000,-0.001015,1.570011,-0.300000,1.000000,1.100000,0.000000,0.000000,-1.571000,-0.299987,1.000515,1.065203,1.491871
0.740000,-0.000013,-0.000517,0.034797,-0.000031,-0.005645,-0.037326,-0.000000,-0.001015,1.570011,-0.300000,1.000000,1.100000,0.000000,0.000000,-1.571000,-0.299987,1.000517,1.065203,1.491873
0.742000,-0.000013,-0.000519,0.034797,-0.000031,-0.005645,-0.037326,-0.000000,-0.001015,1.570011,-0.300000,1.000000,1.100000,0.000000,0.000000,-1.571000,-0.299987,1.000519,1.065203,1.491874
0.744000,-0.000013,-0.000520,0.034797,-0.000031,-0.005645,-0.037326,-0.000000,-0.001015,1.570011,-0.300000,1.000000,1.100000,0.000000,0.000000,-1.571000,-0.299987,1.000520,1.065203,1.491875
0.746000,-0.000013,-0.000522,0.034797,-0.000031,-0.005645,-0.037326,-0.000000,-0.001015,1.570011,-0.300000,1.000000,1.100000,0.000000,0.000000,-1.571000,-0.299987,1.000522,1.065203,1.491876
0.748000,-0.000013,-0.000524,0.034797,-0.000031,-0.005645,-0.037326,-0.000000,-0.001015,1.570011,-0.300000,1.000000,1.100000,0.000000,0.000000,-1.571000,-0.299987,1.000524,1.065203,1.491877
0.750000,-0.000013,-0.000525,0.034797,-0.000031,-0.005645,-0.037326,-0.000000,-0.001015,1.570011,-0.300000,1.000000,1.100000,0.000000,0.000000,-1.571000,-0.299987,1.000525,1.065203,1.491878
0.752000,-0.000013,-0.000527,0.034797,-0.000031,-0.005645,-0.037326,-0.000000,-0.001015,1.570012,-0.300000,1.000000,1.100000,0.000000,0.000000,-1.571000,-0.299987,1.000527,1.065203,1.491879
0.754000,-0.000013,-0.000529,0.034797,-0.000031,-0.005645,-0.037326,-0.000000,-0.001015,1.570012,-0.300000,1.000000,1.100000,0.000000,0.000000,-1.571000,-0.299987,1.000529,1.065203,1.491880
0.756000,-0.000013,-0.000530,0.034797,-0.000031,-0.005645,-0.037326,-0.000000,-0.001015,1.570012,-0.300000,1.000000,1.100000,0.000000,0.000000,-1.571000,-0.299987,1.000530,1.065203,1.491882
0.758000,-0.000013,-0.000532,0.034797,-0.000031,-0.005645,-0.037326,-0.000000,-0.001015,1.570012,-0.300000,1.000000,1.100000,0.000000,0.000000,-1.571000,-0.299987,1.000532,1.065203,1.491883
0.760000,-0.000013,-0.000534,0.034797,-0.000031,-0.005645,-0.037326,-0.000000,-0.001015,1.570012,-0.300000,1.000000,1.100000,0.000000,0.000000,-1.571000,-0.299987,1.000534,1.065203,1.491884
0.762000,-0.000013,-0.000535,0.034797,-0.000031,-0.005645,-0.037326,-0.000000,-0.001015,1.570012,-0.300000,1.000000,1.100000,0.000000,0.000000,-1.571000,-0.299987,1.000535,1.065203,1.491885
0.764000,-0.000013,-0.000537,0.034797,-0.000031,-0.005645,-0.037326,-0.000000,-0.001015,1.570012,-0.300000,1.000000,1.100000,0.000000,0.000000,-1.571000,-0.299987,1.000537,1.065203,1.491886
0.766000,-0.000013,-0.000539,0.034797,-0.000031,-0.005645,-0.037326,-0.000000,-0.001015,1.570012,-0.300000,1.000000,1.100000,0.000000,0.000000,-1.571000,-0.299987,1.000539,1.065203,1.491887
0.768000,-0.000013,-0.000541,0.034797,-0.000031,-0.005645,-0.037326,-0.000000,-0.001015,1.570012,-0.300000,1.000000,1.100000,0.000000,0.000000,-1.571000,-0.299987,1.000541,1.065203,1.491888
0.770000,-0.000014,-0.000542,0.034797,-0.000031,-0.005645,-0.037326,-0.000000,-0.001015,1.570012,-0.300000,1.000000,1.100000,0.000000,0.000000,-1.571000,-0.299986,1.000542,1.065203,1.491889
0.772000,-0.000014,-0.000544,0.034797,-0.000031,-0.005645,-0.037326,-0.000000,-0.001015,1.570012,-0.300000,1.000000,1.100000,0.000000,0.000000,-1.571000,-0.299986,1.000544,1.065203,1.491890
0.774000,-0.000014,-0.000546,0.034797,-0.000031,-0.005645,-0.037326,-0.000000,-0.001015,1.570012,-0.300000,1.000000,1.100000,0.000000,0.000000,-1.571000,-0.299986,1.000546,1.065203,1.491892
0.776000,-0.000014,-0.000547,0.034797,-0.000031,-0.005645,-0.037326,-0.000000,-0.001015,1.570012,-0.300000,1.000000,1.100000,0.000000,0.000000,-1.571000,-0.299986,1.000547,1.065203,1.491893
0.778000,-0.000014,-0.000549,0.034797,-0.000031,-0.005645,-0.037326,-0.000000,-0.001015,1.570012,-0.300000,1.000000,1.100000,0.000000,0.000000,-1.571000,-0.299986,1.000549,1.065203,1.491894